index,need,cpu,gpu,hard_disk,ram,screen
205,I want a nice designed laptop with great graphics that run fast. It should be easy to carry around. ,1,0,2,1,2
1116,I need a good sized laptop with a useful finger print scanner and a funky keyboard. ,4,1,3,3,3
2223,I am finding myself a light and fast computer.,2,3,1,3,3
1939,I need a work horse that is light and quiet and easy to use. The touch screen should be awesome with a high performance-cost ratio.,3,3,0,3,2
1297,I do a lot of gaming and I am in need of a new computer that perform well in that aspect. I also like to have lighted keyboard with a great price.,2,1,1,3,2
112,I decide to buy a solid and lightweight laptop that boots up quickly and has a great screen. ,1,3,4,4,2
1834,"I am willing to wait for a computer that fits my needs: small, light and solid. The screen should be good.",4,3,2,1,3
741,I want a laptop that runs with no performance drop offs. ,1,0,1,0,1
1653,I need to use a laptop out of my office hour so it should have good amount of RAM within a limited price.,3,2,1,3,2
770,"I like to buy light, fast and small laptop. ",1,1,2,1,3
1016,I want a fast laptop. ,4,3,1,0,2
501,I want to buy a slim and lightweight laptop that great for graphics and photo editing. ,1,0,1,0,1
62,I wish for a fast laptop. ,1,3,4,4,2
1135,"I like a powerful, lightweight and crapware free laptop. ",1,1,3,1,2
1802,I dont want my current computer anymore and I am looking for a new one coming with the perfect keyboard and screen.,4,3,2,1,3
437,I want to buy a smooth running laptop with large storage.,1,0,2,1,2
1233,I am willing to do some research for a good computer and currently I am finding one that play games with good frame rate.,2,1,1,3,2
1032,I need a fast laptop with good battery life. ,3,1,1,1,2
847,I like a lightweight laptop with a thin-edged touchscreen and good keyboard layout. ,4,3,3,3,4
1349,I like playing games so I hope the new computer can play games at high settings effortlessly.,2,1,1,3,2
690,I want a light and fast laptop that is easy to use and in comfortable size. ,3,3,2,3,3
1145,I need a gorgeous and powerful laptop. ,1,1,3,1,2
1345,I want to play games on my new computer so it should response quickly.,2,1,1,3,2
568,"I am looking for a lightweight and powerful laptop which is easy to carry, runs well with good frame rates and has sufficient battery life. ",1,0,2,1,4
846,"I need a good looking laptop with a good touch screen, a bright screen, and solid build quality. ",3,3,5,4,3
406,I am looking for a light and fast laptop with a sharp and clear screen and a good keypad. ,4,3,3,3,4
1387,I am a student so I need a computer that come with the perfect size and run games well.,2,1,1,3,2
1086,I like a laptop which is easy to connect to google. ,3,3,5,4,6
1509,"The old computer is not satisfying so I want to find a new computer that comes with great value. I need it to run games perfectly under powerful CPU and GPU. I may store a lot of games so I need as much storage as it can. Moreover, it should boot up fast and have smooth keys. I want it to look great with some great display.",2,1,1,3,1
948,I want a solid laptop. ,1,0,1,0,2
1912,I need a gift that is fast and economical.,4,3,2,4,2
2225,I am changing my old computer that I want a faster Wifi connection and bootup time. The price should be fair with a nice display and a great colour depth on it.,2,3,1,3,3
297,I want a high quality laptop that was easy to set up.,1,0,2,1,2
226,I want a computer that runs fast and without a backlight. ,1,0,2,1,2
1810,I want to replace my old computer to a better looking computer. It should also be light and economical. The technical specs and speakers should be great.,4,3,2,1,3
345,I need a laptop with good FPS and graphics. ,1,0,2,1,2
838,I would like to buy an easy to use laptop for my granddaughter.,3,3,5,4,3
1133,I need a fast laptop. ,1,1,3,1,2
75,I need a laptop with efficient battery life. ,1,3,4,4,2
1867,My boyfriend needs a new laptop that comes with good screen size and touch screen capability.,3,3,0,3,2
2187,"As long as the price is reasonable, I would be happy to pay for a powerful computer.",3,3,1,4,2
839,I want to buy a fast laptop for my husband. ,3,3,5,4,3
1944,I am waiting for my husband to buy me a lightweight computer that has the perfect size.,3,3,0,3,2
1882,The hard drive of my old computer died so I need a new one with large storage and reasonable price.,3,3,0,3,2
1979,"For an everyday use computer, I need it to have good colour with great price.",4,3,1,4,2
416,I need a thin and light laptop. It should be solid and run fast. ,4,3,3,3,4
161,I want a laptop with multiple ports and a good screen and keyboard for basic photo editing. It would be nice if the laptop had good looks and performance without bloatware.,1,0,2,1,2
591,I need a fast and portable laptop that have minimialist and professional look. ,1,3,2,3,3
958,"I am looking for a laptop with a fast processor, good RAM memory and a nice SSD. ",1,3,1,1,1
446,"I am looking for a laptop with a bright display, a convenient size and a sensitive touch screen for teaching purposes.",1,3,3,3,3
779,I wanted a good size and a slim laptop with photos that could be reproduced on the touchpad.,1,1,2,1,3
1102,I am looking for a laptop with good graphics and sound. ,2,3,1,2,1
177,"I'm looking for a laptop with a decent size, high resolution display that's clear and bright. Its sound should be high-quality, with crisp keyboards, a responsive touchpad, plenty of ports, and a built-in cooler.",1,0,2,1,2
2180,"A computer which can quickly download stuff is which I need. I also need large SSD and RAM to store things. However, I want it to be light and have a small screen. It's better if it has a built-in SD drive.",2,5,3,3,3
844,I would like to buy a perfect size laptop. ,3,3,5,4,3
792,I like the laptop that have amazing antivirus software and a good backlit keyboard. ,4,1,2,1,2
1245,"I normally connect my laptop to my tv for gaming and I hope the new laptop do great in that, without being overheated.",2,1,1,3,2
881,I like a good built laptop. ,4,3,1,3,2
1419,I enjoy surfing the internet with no cords needed in a good price.,3,3,1,3,1
2045,I need a replacement for my old laptop and I want a new one with good screen and nice price.,3,3,1,4,2
884,I like a laptop that has beautiful hardware. ,4,3,2,1,3
1219,I want to buy a well constructed laptop with a good key pad and a sharp screen. ,3,3,5,4,3
1747,I want the computer to be quiet and stay cool while playing games with a high perfomance-cost ratio.,2,1,5,3,2
1053,"I am looking for a laptop that is in perfect size and weight, have a good battery life and a light charger. ",1,3,2,3,4
1574,I am leaving my old computer for my family and finding myself a new computer that run games well.,2,5,1,4,2
826,I need a laptop with great cooling. ,1,1,2,1,2
2221,I am taking the laptop to school so it must be light and last long. I hope the bootup process would be fast also.,2,3,1,3,3
537,I am searching for a light and fast laptop that has a good screen colour and good storage. ,3,3,1,1,2
435,I want a high speed computer. ,3,3,2,1,2
1766,I need a computer with solid build quality and a reasonable price.,2,1,5,3,2
265,I am looking for a laptop that runs fast. ,1,0,2,1,2
2042,I am a student and I am finding an affordable computer that looks great.,4,3,1,4,2
1806,I need a light computer that holds my 3D programmes well.,4,3,2,1,3
2034,"My old computer is not working anymore so I need a cheap, pretty, new computer.",4,3,1,4,2
738,I love big screen laptop with good performance. ,1,0,1,0,1
662,I need a lightweight laptop with good graphics. ,3,3,2,3,3
210,I am looking for a fast gaming laptop. ,1,0,2,1,2
1704,"I need a computer which has an excellent keyboard and a great screen, but also not too attractive to eyeballs. I would need a good FPS and a high performance-cost ratio.",2,1,5,3,2
1309,I am looking for strong gaming laptop and it should be able to handle demanding games with a good build quality. I want it to have a soft touch finish and be easy to upgrade.,2,1,3,3,2
912,"I am searching for a lightweight, fast, responsive laptop with an incredible display. ",0,3,3,1,4
503,I need a powerful laptop with a number pad.,1,0,1,0,1
1020,I want a light laptop with small screen bezels. ,3,1,1,1,2
1028,"I am searching for a fast and compact laptop that is subtle, minimalistic and sleek in appearance and has solid and rugged build quality. It should have a cool cover, bright display, good keyboard touch and speakers placement. I also want it to have effective cooling system and no bloatware. ",3,1,1,1,2
1436,I plan to do some laptop gaming so it should play games well and fast.,2,1,1,3,2
2046,I want a computer that is well designed.,3,3,1,4,2
983,I want a laptop have traditional usb type and not type c. ,4,3,2,1,4
2130,I am trying to upgrade from an old computer that I need the new one to be thinner and lighter and more economical. The keyboard should be responsive and the battery should be decent. O would need to have some USB type C ports and enough RAM on the computer.,2,5,1,3,2
1455,I want a computer that do super fast startup and have a good processor. I want it to be light and have a thin screen so I can carry it around. I also want adequate RAM to store my data.,3,3,1,3,2
2129,My old computer was on fritz so I need a new computer that is quick and easy to setup.,2,5,1,3,2
1866,I hope it would be easy to setup right out of the box.,3,3,0,3,2
2240,Weight is important to me when purchasing a laptop.,2,3,1,3,3
944,I like a laptop with good touch screen and the 2-in-1 capability. It should have a largish touchpad and a good keyboard. ,1,3,2,1,2
1157,"I like a laptop that can disable touchpad with the mouse attached. Also, I love the laptop that have good battery life, cam cover, and good internet speed and connectivity. ",3,3,1,0,2
1254,My last computer was still working but I decided to go for a faster computer which is reasonably priced.,2,1,1,3,2
663,I want a light laptop with a good display. ,3,3,2,3,3
166,"I need a light weight laptop with good battery life for school and casual gaming. It should have multiple ports, a high quality webcam and keyboard.",1,0,2,1,2
1223,"I want a slim laptop with long battery life, fast charging and charge ports on both sides. It should have a sensitive mouse pad too. ",3,3,5,4,3
1036,"I want a sleek and sturdy looking laptop with a compact design, a bright and clear display and a good touch screen. It should have a tablet mode, good battery life, a light charger and no overheating.",2,3,4,3,5
1606,I don't plan to use the computer for studying so I just need the computer to play games well.,2,5,1,4,2
637,I want a good quality laptop. ,2,3,3,3,2
2159,I am in need of a new computer that is fast and slim.,2,5,1,3,2
38,I need a light and fast computer that starts up quick. I want it to have a big screen and full size keyboard.,1,3,4,4,2
569,"I want a extremely portable laptop with great battery life, performance, temperature management. ",1,0,2,1,4
600,I need a light and portable laptop that runs quiet and has lots of ports. ,1,0,1,1,2
1707,The computer I want should have high performance-cost ratio and a normal look.,2,1,5,3,2
1426,My work requires for a better computer that comes with a sturdy keyboard with useful backlighting. It should be fast and able to store lots of data. It should also come with good price and decent battery life.,2,1,1,3,2
1492,"I want a computer that bring up my application quickly and I can work on a large screen with sharp imaging. I would also look into the design, which I hope it to be light, slim and attractive.",3,3,1,3,2
1584,I hope the money I spent would be exchanged for a good computer.,2,5,1,4,2
1273,I need a computer within my budget.,2,1,1,3,2
1055,I want a laptop with a decent keyboard. ,1,3,2,3,4
647,I decide to buy a laptop that runs great. ,3,4,3,3,3
1281,Speed is important for my computer.,2,1,1,3,2
493,I would like to buy a laptop that runs very smoothly and can be connected to other computer monitors.,1,0,1,0,1
926,I want a laptop with good battery life. ,4,3,5,4,6
1500,My old computer needs replacement and I need a new one with a good screen size and tight and responsive keys.,3,3,1,2,1
1674,My old computer needs replacement and I am finding a thin one with awesome design.,3,1,1,1,2
1252,I am looking for a quiet computer with a good price.,2,1,1,3,2
1946,I need a fast computer.,3,3,0,3,2
1658,I need a solid hard drive to run everything smoothly.,4,3,3,3,2
2009,I have some expectations on my new computer that it should have a good processor with enough RAM.,3,3,1,3,2
2281,I have a kid in school and I am buying him a new laptop with a chassis texture. I want the keyboard and numpad to be comfortable. The SSD should be speedy and the viewing angles should be comfortable for him. The battery ought to be decent for him. The fan must be whisper quiet.,3,3,4,4,2
229,"My grandson needs a fast, smooth laptop for gaming.",1,0,2,1,2
739,I need a laptop with good cooling and consistently frame rates. ,1,0,1,0,1
2237,I need a new computer that is light and thin with the greatest screen size.,2,3,1,3,3
548,I want a sturdy laptop with long life battery. ,3,3,1,1,2
1172,I like a lightweight laptop with a good screen and battery life. ,1,3,2,1,2
2124,"I did a lot of researching and I need a new computer that is fast, cheap, light and slim.",2,5,1,3,2
689,"I am searching for a medium screen size, light weight and mid-high fuctional laptop. ",3,3,2,3,3
812,I want a lightweight laptop. ,4,3,2,1,3
1108,I want a nice laptop that runs well. ,2,3,1,2,1
2205,I need a fast computer.,3,3,1,4,2
1285,I would be happy to receive a quality computer with my money paid.,2,1,1,3,2
348,I am looking for a computer with a backlit keyboard so that I can play games in a dimly lit room.,1,0,2,1,2
1217,I want a user friendly and efficient laptop. ,3,3,5,4,3
1848,Specs ought to be good on my computer.,3,1,1,3,1
1375,I play a number of games so I want the computer to run games well.,2,1,1,3,2
1664,I am buying myself a new computer that is fast and built solidly.,4,3,3,3,2
1425,I need a nice computer for my work and it should come with awesome specs with a great price. It would be nice to be featured with a great red backlit keyboard. The image should be colourful on an anti-glare screen.,2,1,1,3,2
1293,"I do create art in Photoshop, and as a result I need a computer that can handle large files perfectly.",2,1,1,3,2
827,I like a laptop with good aesthetics and good RGB lights.,1,1,2,1,2
1204,I like a laptop with good battery life. ,3,3,5,4,3
1033,I prefer a compact laptop with good screen and graphics card and great cooling. ,3,1,1,1,2
522,"I am looking for a fast, lightweight laptop that is easy to install programs on.",1,0,1,0,1
1462,"The computer should boot up and connect to the Wifi in a super fast way, but I don't want the price to be too high and the diplay should be great also.",3,3,1,3,2
2184,"I am finding a new computer for myself. I need it to be fast and have great battery life. If there are plenty of ports, it would easy to upgrade. I also want the computer to be substanial with a brushed look. A good keyboard is also important.",3,3,1,4,2
1327,"I am finding myself a new computer without a ton of bloatware. I will need a responsive keyboard and a responsive touchpad. It should be fast, slim, easy to setup and able to run cool.",2,1,3,3,2
1660,"I have just retired and I am finding a computer for my personal use. I would like to have a laptop with a tablet PC form factor. There should be a fast storage. The battery should last long and run cool. I need an optimum screen size and a reliable touch of the laptop. The should also be enough ports for connectivity and an expandable RAM. The access to Internet should be fast. For the specs, I need a fast fingerprint reader and a backlit keyboard.",4,3,3,3,2
915,I want to buy a laptop that runs well and has a high quality webcam. ,0,3,3,1,4
483,I want a stylish and beautiful laptop that runs fast and is affordable.,1,3,3,3,2
2088,I want a nice matte finish on my new computer so no fingerprints would be attached to it.,4,3,1,3,2
1798,"My old computer doesn't serve me anymore and I am getting myself a new one with good specs, good design and good build quality.",4,3,2,1,3
1555,I go on a lot of business travell so what I need is a computer that is light and doesn't take up much space. I need some good build quality to come with the computer. I also hope it would be easy to upgrade. A decent keyboard and a responsive touchpad are also necessary.,2,5,1,4,2
1778,"I have been working in the computer industry and I am finding myself a computer with nice build quality and nice finish. I want a balanced weight so I don't feel like damaging the laptop. The viewing angles should be decent, as well as the touchpad. I want it to be sturdy, economical and portable.",2,3,3,3,4
68,I am looking for a laptop that has a nice screen. ,1,3,4,4,2
429,I need a laptop with a good amount of memory and fast. ,3,3,2,1,2
1284,I used to use PCs but now I want a laptop with good hardware.,2,1,1,3,2
1340,I enjoy playing games on my laptop so I hope the laptop do magnificent job of graphics and gameplay. All games should run smoothly on it and the audio quality ought to be good while gaming. I need to take it to schoold so a normal design is preferrable.,2,1,1,3,2
1730,I need a laptop with good build.,2,1,5,3,2
635,I like a good looking laptop that has a excellent and spacious screen. ,2,3,3,3,2
1074,I need a laptop that have fantastic sound and handy bluetooth. ,3,2,1,3,2
651,I am searching for a laptop that has excellent quality and works great. ,3,4,3,3,3
529,I would like to buy a light and portable laptop with a samll and light adapter and a great screen size and sharpness. It should also have a good fingerprint reader and fast start-up. ,3,3,1,1,2
750,"I need a fast, little and beautiful laptop with amazing heat management features and a full keyboard.",1,0,2,1,2
256,I am looking for a laptop with a good quality screen and stable FPS. It should have a great cooling system and user interface.,1,0,2,1,2
1920,I am not finding a fancy computer but a powerful computer with a low cost.,4,3,0,2,2
301,I need a good graphics laptop.,1,0,2,1,2
2236,I am buying a slim and lightweight computer for my wife.,2,3,1,3,3
325,I am searching for a quick laptop which have good battery life. ,1,0,2,1,2
1114,I need a laptop with a great keyboard.,4,1,3,3,3
454,"I decide to buy a fast laptop with a sleek, thin and easy to use touchscreen. ",1,3,3,3,3
2022,I want the computer to run fast while I am at school.,4,3,1,4,2
717,I need a beautiful and powerful laptop that runs smooth. ,4,1,2,1,2
87,I want a light laptop with loud volume and good sound quality. ,1,3,4,4,2
1744,I hope the price fit with its performance.,2,1,5,3,2
801,I am looking for a lightweight laptop. ,4,3,5,4,6
2282,I am finding a new laptop for myself that has a high performance-cost ratio.,3,3,4,4,2
1597,I want to play games with my friends so I need a new computer that can do well in that aspect.,2,5,1,4,2
1763,A good design and a cool keyboard should be applied to the computer. The keystokes on it should be comfortable to type on. It would be better if the speakers and fingerprint reader are in good situation. I hope the price wouldn't be too high for all the above features.,2,1,5,3,2
2070,I play lots of games and I'm finding a new computer that run fast of all my games. I also own a VR headset and I want it to work well with that.,3,1,1,1,2
1929,I want to change my old computer and I need a new one with a reasonable price.,4,3,0,3,2
107,I need a slim and lightweight laptop. It should run fast and have big screen. ,1,3,4,4,2
403,I need a fast and light laptop with efficient battery. ,4,3,3,3,4
1433,I am a console gamer but now I am finding a gaming laptop that has amazing speed and awesome graphics. The bottom line is that it must play games well.,2,1,1,3,2
1307,My old computer doesn't work for me anymore and I need a sleek one which has good battery life and runs games perfectly.,2,1,3,3,2
1751,I need the computer to perform great in gaming.,2,1,5,3,2
1341,"I do a lot of typing work so I hope the surface would be comfortable to rest my hands on. Also, I like a sleek laptop with a responsive mousepad and keys. Not to mention that the specs should be wise.",2,1,1,3,2
25,I need a laptop with a beautiful picture and sound.,1,3,4,4,2
757,I want a beautiful designed laptop with a separate nummeric keypad and good Dell update app. It should be simple to turn the keyboard lights on and off too. ,1,0,2,1,2
1404,"As a college student, I am finding a sturdy computer with a nice revolving camera.",4,3,5,4,6
526,"I am looking for a rugged and portable laptop that has a large high resolution screen, a full size backlit keyboard and a fast CPU. it should have plenty of RAM, fast storage, good battery life, ports that do not require encryption, and a quiet cooling fan.",3,3,1,1,2
1570,I am searching a good computer for school work and I think a computer with great graphic card and plenty of storage would be perfect. It's even better with a low price.,2,5,1,4,2
385,I wish for a laptop with a good memory and a powerful CPU. ,1,0,2,1,2
1259,I am finding a sturdy computer with a nice keyboard.,2,1,1,3,2
1263,I am into coding and I need a new computer with plenty of RAM and amazing build quality. It would even be better if it bootup fast.,2,1,1,3,2
489,I need a solid and portable laptop with a big screen. It should run fast and have a hight quality keyboard and mouse pad. ,1,0,1,0,1
1508,I am planning to buy a new computer and I want it to play games well without a high price.,2,1,1,3,1
246,"I want a powerful, portable laptop. It should have a good display, a good keyboard and touchpad, a compact design and plenty of upgradeability.",1,0,2,1,2
2128,I need a new computer for myself that is lightweight and fast. I want a nice display with some chickley keys.,2,5,1,3,2
421,"I am looking for a fast and reliable laptop with a beautiful case, decent battery life and great streaming. ",4,3,5,4,6
2199,I want to have a computer that would fit into my bag.,3,3,1,4,2
1539,I am finding a new computer for myself that has responsive keys and a beautiful screen.,3,3,1,3,2
488,I need a well made laptop that has plenty of horsepower and quick and responsive support. ,1,0,1,0,1
931,I like a laptop with a good S mode and a stylus pen for writing notes with complete precision.,4,3,5,4,6
1609,I would need to have enough RAM to store all my files.,2,5,1,4,2
609,I am searching for a lapop that have 4k display and full blast Ultra graphics with a wireless keyboard and mouse. ,1,0,1,1,2
909,"I would like to buy a light, fast laptop that operates smoothly. ",0,3,3,1,4
554,I am looking for a thin and light laptop which has a good overall profile and a good keyboard.,3,4,3,3,2
836,I like the laptop is easy to set up and have a good touchscreen. ,3,3,5,4,3
1096,I prefer a lightweight laptop with good security. ,3,3,5,4,6
1357,I don't require much for my new computer but speed is important.,2,1,1,3,2
33,I want a light and easy to set up laptop. I hope it has good connection too. ,1,3,4,4,2
1177,I like a sleek and light laptop. ,1,3,2,1,2
1670,I am coming from a high end PC and I need a laptop that plays games well.,3,1,1,1,2
2071,I want to buy a new computer for gaming so I want it to download games quickly.,3,1,1,1,2
1525,I like to have good design on my new computer and it should own a reasonable price.,2,1,1,3,1
2165,I am finding the best computer with a great configuration.,2,5,1,3,2
1412,My husband has to go for business trip so he needs a laptop with perfect size.,4,3,5,4,6
517,"I need a fast, light weight, powerful laptop with a large screen for my son.",1,0,1,0,1
976,"I am searching for a laptop with good screen brightness, fingerprint log and cooling. ",1,0,2,1,2
969,I am looking for a quiet and fast laptop with a awesome screen. ,1,0,2,1,2
1302,I wish I would be happy with the money I spent for a perfect computer.,2,1,1,3,2
1107,I like a laptop with a great sized screen. ,2,3,1,2,1
198,I will buy a laptop with good gaming quality. ,1,0,2,1,2
596,I am searching for a laptop with a powerful GPU and a good screen.,1,0,1,1,2
167,"I want a laptop that can meet all my gaming needs, with high resolution and stable FPS.",1,0,2,1,2
2170,I need to use my computer whenever I want so it's better to startup fast.,2,5,1,3,2
1871,I need a good recommendation on a easy-to-set-up computer with not much bloatware.,3,3,0,3,2
1318,I have used my old computer for over 10 years and now I need a nice looking computer.,2,1,3,3,2
192,I am searching for a computer with a nice screen and battery life for my fiance.,1,0,2,1,2
2021,I am taking the laptop to school so I want it to be light. I hope it would be able to startup fast with a low price.,4,3,1,4,2
293,I like a fast loading computer.,1,0,2,1,2
2002,I recently need a new computer that comes with high speed and minimal bloatware. I do multitasking so I hope it works well on that with a decent price.,3,3,1,3,2
984,I am looking for a laptop that is in excellent condition with great specs to boot. ,4,3,2,1,4
195,I like a computer that runs smoothly. ,1,0,2,1,2
2073,I am finding a computer for myself that is speedy and easy to setup. I would like it to feature backlit keyboard and touch screen.,4,3,1,3,2
482,"I am looking for a laptop with a nice trackpad, screen and battery life. ",1,3,3,3,2
420,I would like to buy a small size and lightweight laptop that suitable for kids. It is nice that it can fold over and durable to use. ,4,3,5,4,6
1154,I love a slim and professional designed laptop. It should run swiftly and have a good touch screen. ,3,3,1,0,2
2227,"I am replacing my old computer and I want a lighter and more sturdy one. There should be a good selection of ports. The colours should be vivid and the angles should be decent on the screen. I would like to have a decent battery life. The keyboard ought to be backlit with some quiet keys. Speaking of quietness, I also need the fan noise to be as low as possible. There should also be a quick Bluetooth connection.",2,3,1,3,3
1592,I like sleek looking computer.,2,5,1,4,2
2166,What I need for school is a fast computer.,2,5,1,3,2
1767,I need a sturdy computer with a beautiful screen and above-average sound quality.,2,1,5,3,2
995,I need a lightweight laptop. ,4,3,4,4,3
307,I need a upgradable laptop. ,1,0,2,1,2
1065,I need a laptop that have a good keyboard for typing. ,3,2,1,3,2
2222,"I need to take a laptop to my internship and I hope it comes with reasonable price and nice look. I want it to be portable and rigid. The CPU should be decent and support fast and accurate typing. Moreover, the speakers should be decent.",2,3,1,3,3
296,I need a fast laptop with beautiful graphics.,1,0,2,1,2
2101,I want to change my old computer and I want a fast computer with reasonable price. I also want it to have nice display and obtain bluetooth.,3,5,3,3,2
1051,"I want a solid laptop with a fantastic display, small USB-C charger that charges up quickly and good battery life. ",1,3,2,3,4
151,I want to buy a solid and little laptop. ,1,3,4,4,2
1354,I use the computer for my personal use and I hope it won't heat up if overused.,2,1,1,3,2
1019,I would like to buy a fast and light laptop with sufficient memory and storage and adequate ports. ,4,3,1,0,2
2162,I would like to have a light and fast computer.,2,5,1,3,2
1117,"I want to buy a small, portable and durable laptop. ",4,1,3,3,3
1458,"I need the computer to boot up fast. For the weight, I prefer a light one. And for the battery life, I prefer a longer one.",3,3,1,3,2
1693,"I am looking for a new computer with great design, great keyboard and awesome sound output.",3,1,1,3,2
1641,I enjoy gaming and I am finding a laptop that perform well in that.,3,2,1,3,2
1270,My gaming niece wants some right specs for his computer.,2,1,1,3,2
1371,I expect my new computer will be fast and reasonably priced.,2,1,1,3,2
1505,I am purchasing a new computer mainly for gaming so it should play games smoothly and have a gorgeous screen.,2,1,1,3,1
1123,I need a lightweight laptop. ,4,1,3,3,3
2010,I am finding the best computer that worth my money.,4,3,1,4,2
1111,I am looking for a easy to set up and use laptop with a big screen. ,2,3,1,2,1
1683,I am finding myself a fast computer.,3,3,4,3,2
1516,"I don't want an overheated computer so the cooling system should be quiet and efficient. I want the audio sound to be decent. Also, it should do quick boot up.",2,1,1,3,1
1122,I need a light laptop that have long battery life and fast processing. ,4,1,3,3,3
1753,A reasonable price is what I consider when buying a new computer.,2,1,5,3,2
144,I want to buy a laptop with good screen quality and a easy to type keyboard. ,1,3,4,4,2
300,I want to buy a high quality computer that runs smoothly in games.,1,0,2,1,2
1271,I am in college and I need a sturdy and solid computer that comes with a high response rate.,2,1,1,3,2
1978,My old computer doesn't work for me anymore and I need a fast one with lots of space.,4,3,1,4,2
1616,I am buying a new computer for myself on Black Friday and I want it to play games well. The graphic card should be great and the computer should work fast and well-organized. I don't prefer a heavy computer. The screen would be better to be bright enough. The keyboard should be comfortable along with a useful numpad. I hope the price won't be too high with the those features.,2,5,1,4,2
539,I want a light and fast laptop which is capable and has long lasting battery. ,3,3,1,1,2
848,"I want to buy a small, compact and lightweight laptop that would be useful for multitasking. ",4,3,3,3,4
895,I want to buy a laptop that works fast. ,4,3,1,4,2
1940,I am changing my old computer and I want a new one that is faster and more economical. There should be lots of memory.,3,3,0,3,2
1286,A fast computer that is cheap and easy to use would be my ideal computer.,2,1,1,3,2
854,I am looking for a small and powerful laptop. ,4,3,3,3,4
857,I want my laptop to have amazing touch screen feature and run great. ,3,4,3,3,2
1202,I want a laptop with hey google feature. ,3,3,5,4,3
1824,I work for a long time so the battery life should be long enough to support my work.,4,3,2,1,3
1636,I will need a laptop for software development and it should have good build quality with a decent battery life. The keyboard should be comfortable that allow me to play games well.,3,1,3,3,2
920,"I need a light, fast and reliable laptop with a fantastic screen. ",3,3,2,1,2
1655,I am looking for a new laptop that is fast and comfortable to type on. I hope there wont be much bloatware.,4,3,3,3,2
215,I wish for a computer with excellent screen quality and multiple ports for gaming. ,1,0,2,1,2
1575,My wife needs a new computer and I am planning to gift her one that have nicely arranged keyboard and low cost.,2,5,1,4,2
2242,I need a lightweight laptop to bring it around.,2,3,1,3,3
148,I want a fast laptop with a good quality screen. ,1,3,4,4,2
330,I wish for a solid and robust laptop. ,1,0,2,1,2
304,I want to buy a good quality laptop for my son. ,1,0,2,1,2
1971,I am considering to change my old computer and the new one should be sleek. I want it to run smoothly with an easy viewing screen.,3,3,0,3,1
865,"I need a light weight, fast, sleek looking and easy to use laptop.",1,3,3,3,4
331,I am looking for a solid laptop with a good quality screen that is easy to upgrade.,1,0,2,1,2
1262,I need a new computer for myself that feel nice and run games well.,2,1,1,3,2
613,I like laptop that makes with high quality material. ,1,0,1,1,2
1224,I want to get a laptop that can access all google apps. It should have a good touchscreen and long battery life. ,3,3,5,4,3
135,I like a easy to set up computer. ,1,3,4,4,2
2127,I am looking through the recommendations on Amazon and want to find myself a quick computer.,2,5,1,3,2
430,I wish I had a laptop that loads fast. ,3,3,2,1,2
1578,I like taking my laptop around so I like it to be light and good looking.,2,5,1,4,2
804,I want a fast and smooth running laptop. ,4,3,1,3,1
46,I am searching for a laptop with a nice screen quality. ,1,3,4,4,2
1504,My old computer died so I need a new one immdiately with good picture and sound in a right price.,3,3,1,2,1
1192,I love a slick laptop. ,1,3,2,1,2
789,I am looking for a fast and lightweight laptop. ,4,1,2,1,2
997,I like a clean laptop that have no bloatware. ,4,3,4,4,3
201,I want a fast computer. ,1,0,2,1,2
74,I want a fast and responsive laptop. ,1,3,4,4,2
901,"I want a lightweight and portable laptop with fast facial recognition. It should have an amazing touchscreen, a beautiful keyboard layout and material and a responisve track pad. ",0,3,3,1,4
1982,I am in need of a new computer that is sleek and compact.,3,3,1,3,3
1527,I have a number of games that I would like to try on my new laptop so it should have a large storage that is great for gaming.,2,1,1,3,1
2249,I need the specs to be perfect on my computer that means for the screen and the touchpad.,2,3,1,3,3
1112,I like a laptop with a big screen. ,2,3,1,2,1
1199,I need a user friendly laptop that is easy to set up. It should have an awesome touchscreen and great battery life. ,3,3,5,4,3
631,I am looking for a laptop that runs well in games. It should have great OLED colours and long-lasting battery life. ,1,0,1,1,3
778,"I am searching for a handy and well build laptop that is fast and reliable, has a good and bright screen and a pleasant keyboard. ",1,1,2,1,3
937,"I wanted a lightweight laptop, made of good materials, with an immersive screen and good sound.",3,3,3,3,4
244,I am looking for a nice looking laptop with a nice and slick keyboard that is not heavy.,1,0,2,1,2
691,"I am looking for a small, lightweght, blazing fast and runs very cool laptop with a fantastic keyboard.",3,3,2,3,3
1364,I don't have much money so good price is important for a new computer.,2,1,1,3,2
52,I wanted a lightweight laptop with quick start up. ,1,3,4,4,2
1645,I need the computer to come with Microsoft programmes.,3,2,1,3,2
1523,I don't have a huge budget for my new computer so it should come with a good price.,2,1,1,3,1
758,I am searching for a solid laptop that runs great and quiet with amazing picture quality. ,1,0,2,1,2
1729,The computer I want should have excellent thermals and graphics. It would be great if it runs cool and is functioned with great screen and touch sensor. I hope it goes with a high performance-cost ratio.,2,1,5,3,2
1878,"The old computer doesn't have a touch screen so there should be one on my new computer. Moreover, the Bluetooth connection should be excellent.",3,3,0,3,2
440,I need a laptop with stable fps. ,1,0,2,1,2
1739,I want the computer to provide great performance with games and stay cool while playing.,2,1,5,3,2
1315,I want the computer to come with a high performance-cost ratio.,2,1,3,3,2
326,I want to buy a laptop that have a cool keyboard design. ,1,0,2,1,2
1662,"I am in need of a new computer with a nice screen, a convenient fingerprint reader and good battery life.",4,3,3,3,2
2091,I have limited budget so I need a new computer with great price.,4,3,1,3,2
2096,An adequate screen should be installed on the computer.,2,2,1,4,1
2151,I use a laptop when I go to school and I need a fast one.,2,5,1,3,2
734,I want a powerful and lightweight laptop. ,1,3,2,1,2
704,I need a light and well built laptop with good functions and fingerprint scanner placement and multiple ports. ,2,1,2,1,2
1131,"I will buy a laptop with an amazing touchscreen, a foldable screen and tons of power. ",4,1,3,3,3
515,"I wish my laptop with no lag, start up fast, and load quick. ",1,0,1,0,1
1303,My old computer needs replacement and I hope the new one comes with great specs and run smoothly.,2,1,1,3,2
1434,I need some great specs for my computer.,2,1,1,3,2
1381,I don't want to annoy others so I need a quiet computer.,2,1,1,3,2
972,"I want to buy a laptop that is light to carry, have a beautiful screen and good battery life. ",1,0,2,1,2
410,"I want a laptop with good design, weight, size. ",4,3,3,3,4
500,I need a fast laptop. ,1,0,1,0,1
1530,Speed is what I look into when purchasing a new computer.,2,1,1,3,1
1463,I need a computer with a nice and sleek look and large space for my programmes.,3,3,1,3,2
2239,My previous computer does no good to me so I need a new one that is lightweight with fast startup time and nice keyboard design.,2,3,1,3,3
1008,I prefer a small laptop with a stunning display and good battery life. ,4,3,4,4,3
320,I am looking for a laptop that runs fast. ,1,0,2,1,2
292,"I wanted a slim, good-looking laptop with perfect screen quality.",1,0,2,1,2
475,I am searching for a fast laptop with a big screen. ,1,3,2,3,1
469,I am searching for a reliable laptop. ,1,3,2,3,1
753,I need a fast and clear laptop with enough ports. ,1,0,2,1,2
2064,"I am getting into gaming laptop so I want one that runs most games smoothly with good specs. The screen should have good viewing angles and the speakers should produce quality sound. I want the computer to run cool. Of course, it should look good with a reasonable price.",3,1,1,1,2
1680,"I am finding a new laptop that is solid, quick and economical. The graphics and CPU performance ought to be great.",3,1,1,1,2
1451,I want to have the best use of the money I would spend on the computer.,3,3,1,4,1
1735,I want a computer that is able to run games at a high-ultra setting without getting too hot.,2,1,5,3,2
2228,I need some recommendations on a fast computer.,2,3,1,3,3
1748,I need a computer with long battery life.,2,1,5,3,2
1461,I need a fast laptop with good configuration.,3,3,1,3,2
328,I need a fast laptop. ,1,0,2,1,2
111,I will buy a laptop with long battery life. ,1,3,4,4,2
862,I want to buy a laptop with a sleek screen. ,3,4,3,3,2
1858,I am finding a new computer that runs fast and includes good viewing angles.,3,3,0,3,2
949,I need a portable laptop with responsive GPUs and gorgeous graphics. ,1,0,1,0,2
1607,I would do as much research as I could to find the best use of my money for a powerful computer.,2,5,1,4,2
458,"I am looking for a laptop with good features such as a backlit keyboard, laptop/tablet all-in-one, fingerprint security, touchscreen.",3,3,2,1,2
2068,The computer I want should look cool and own a nice graphic card.,3,1,1,1,2
1441,My old computer doesn't perform games well so I need a new one. I also want a red lit keyboard to come with it.,2,1,1,3,2
1015,I want to buy a solid laptop. ,4,3,1,0,2
993,I want a laptop that can turn into a tablet. ,3,3,5,4,6
1002,I decide to buy a thin and light laptop with an excellent screen quality. ,4,3,4,4,3
3,I wanted a laptop with an elegant design and decent features.,1,3,4,4,2
136,I want a easy to use laptop with a good colours. ,1,3,4,4,2
1635,I do coding and I want a computer with a nicely-spaced backlit keyboard with quiet keys. The display should also bright and it should boot up fast in a high performance-cost ratio.,3,1,3,3,2
1010,I like a laptop with a nice colour. ,3,3,1,4,2
1396,I am finding for a new gaming laptop. It should produce less heat with a lower power consumption. I want it to boot and startup fast. The screen should be bright with low light leckage and high colour representation that come with wide viewing angles. I also need a solid build that it only produce low fan noise. I don't want it to be too heavy. A good keyboard is preferrable.,2,1,1,3,2
120,I need a portable and upgradable laptop that has amazing speed and versatility. ,1,3,4,4,2
1003,I am searching for a solid and light weight laptop. ,4,3,4,4,3
321,I want my laptop material to be good. ,1,0,2,1,2
113,"I wanted a powerful, portable laptop with a chic, simple design and the right size. ",1,3,4,4,2
582,I like compact and light weight laptop with a good colour. It should have great keyboard backlight and long battery. ,1,3,2,3,3
2258,I need a computer to do typical home computer work and it should be light and has a bright screen. I want it to startup quickly with impressive spces. The hard drive should also come with good size.,2,3,1,3,3
939,"I want a 2-in-1 laptop with good screen and keyboard, multiple ports and good LG utilites. ",1,3,2,1,2
21,I would like to buy a thin laptop with a good quality screen.,1,3,4,4,2
904,"I am looking for a light, small, thin laptop for studying that is easy to carry and the perfect size.",0,3,3,1,4
1937,I am irritanted with the other PCs and I want to find one that startup fast with no bloatware.,3,3,0,3,2
1857,I am purchasing a new computer to replace my old one and the new one should come with mosterous storage capacity and high performance-cost ratio.,3,3,0,3,2
1958,I am new to laptop and I need a laptop that has a good touch screen and a big hard drive but a good price.,3,3,1,3,0
541,I want my laptop to have light weight and run super fast. ,3,3,1,1,2
1921,Speed is what I concern when purchasing a new computer.,4,3,0,2,2
196,"I want a laptop with good response time, boot time, number crunching and gaming speed. ",1,0,2,1,2
869,I want to buy a easy to use laptop. ,2,2,2,2,4
1240,"My old computer is not working and I need a light, new computer with a good screen.",2,1,1,3,2
2212,"I don't want to borrow my husband's computer everytime I need it so I am finding myself a new computer with a nice hard drive. Since the previous one doesnt boast with a number pad, it would be nice if the new one include one. I don't have a huge budget for the computer.",3,3,1,4,2
1128,"I want to buy a snappy, high-class look laptop with good build quality, display, speakers and camera design. It shoud have thin bezel, a comfortable keyboard, a responsive touchpad, a useful fingerprint sensor, and good battery life. ",4,1,3,3,3
575,"I want a durable and light laptop that runs snappy and smooth. It should have extra memory slot and decent build quality, lastest cpu, and performance. ",3,3,2,1,2
970,I need a laptop with good colours for graphic design.,1,0,2,1,2
601,I want a sleek and slim laptop with powerful GPU and a crisp screen. I also want it to run flawlessly and be portable. ,1,0,1,1,2
473,"I prefer a pretty and lightweight laptop that runs fast, has simple setup and long lasting battery. ",1,3,2,3,1
254,I am looking for a gaming laptop with a fast SSD and a good fan system.,1,0,2,1,2
1532,I am finding a work only computer that is fast and has plenty of memory.,3,3,3,3,2
2280,I am finding a new computer that the keyboard is nice looking and comfortable. The components should be great with good thermal system.,3,1,1,3,2
1481,I need a computer which can be opened as soon as possible and have strong wireless connection. I hope it will be portable. And I hope it runs fast on the programming.,3,3,1,3,2
825,I want a laptop with a good cooling system. ,1,1,2,1,2
103,I need a lightweight and thin laptop with a big screen. ,1,3,4,4,2
656,I need a laptop that easy to set up. ,3,3,2,3,3
1120,"I want a fast and smooth laptop with great screen, back-lit keyboard, and finger print. ",4,1,3,3,3
518,I want to buy a laptop that runs smoothly and has amazing graphics. ,1,0,1,0,1
1366,I care about the feel so the computer should be solid enough.,2,1,1,3,2
291,I would like to buy a smooth-running computer with lite-up keyboard. ,1,0,2,1,2
1360,I want to find a fast computer for my cousin.,2,1,1,3,2
1599,I do a lot of research online and I am finding a new computer with a reasonable price.,2,5,1,4,2
1253,"As a college student, I need a great computer with an amazing price.",2,1,1,3,2
1648,My old computer is too slow and I need a new one.,3,2,1,3,2
1843,I am buying a laptop for my son so that he can play games with no problem.,3,1,1,3,1
109,"I want a laptop that is easy to set up and upgrade, that has multiple plots and runs quickly and smoothly. It should have a decent display and sound quality, with a good keyboard and a nice size trackpad.",1,3,4,4,2
1690,I don't know if I would bring the laptop outside but anyway being lightweight isn't bad.,3,1,1,3,2
1731,"I need the computer to have a clean resolution and audio. I also want to access the internet in a faster way. I would need the battery life to be long enough, so I could type at night with a LED lit keyboard.",2,1,5,3,2
616,I want my laptop supports thunderbolt 3 and 4. ,1,0,1,1,2
992,"I am looking for an easy to use, light weight laptop with good battery life for my dad.",3,3,5,4,6
1938,"I don't do gaming so I just need a nice, clear touchscreen.",3,3,0,3,2
800,I want to buy a good size laptop. ,4,3,5,4,6
1413,I want to have the best laptop with the least money.,4,3,5,4,6
36,I need a laptop with good battery life. ,1,3,4,4,2
1909,I need a nice looking computer.,4,3,2,4,2
1558,I dislike bloatware so it's better to be none of them.,2,5,1,4,2
1414,I am finding a new computer that has a high performance-cost ratio.,3,5,1,3,1
2051,I like computers with sleek design.,3,3,1,4,2
1308,I am looking for a powerful workstation with a high performance-cost ratio.,2,1,3,3,2
625,I want a light weight laptop. ,1,3,2,3,3
2050,I am saving money so I want a well priced computer.,3,3,1,4,2
863,I need a lightweight laptop. ,3,4,3,3,2
1144,"I would like to buy a laptop with good build quality and components, good selection of IO. It should cool down quickly and have a good screen. ",1,1,3,1,2
681,I am looking for a light and portable laptop that runs quickly and has good resolution and great battery life. ,3,3,2,3,3
938,"I need a laptop with good battery life, a good touch screen and good build quality.",1,3,2,1,2
1724,I need a plain notebook without those flashy light but still keep a beautiful design.,2,1,5,3,2
1676,Some right specs should be installed in the new computer.,3,1,1,1,2
1311,"I like to stick to one brand while purchasing computer and this time I want one with unique look. I want it to look sturdy, slim and stay silent.",2,1,3,3,2
1077,I need a fast laptop with easy connection and a good touch screen. It should be compatible with Android Play Store. ,3,3,5,4,6
356,I want a durable computer for work. ,1,0,2,1,2
632,"I wanted a nice, light laptop with good speed, screen, contrast and brightness and that wouldn't overheat.",3,3,1,2,1
785,I want to get a laptop with pleasant keyboard and screen. ,1,1,2,1,3
408,I am looking for a thin and lightweight laptop. ,4,3,3,3,4
180,I am looking for a laptop for my son that is easy to set up and has a cool design.,1,0,2,1,2
160,I need a laptop with a long battery life. ,1,3,4,4,2
913,I prefer a fast and light laptop with elegant design. ,0,3,3,1,4
1044,I prefer a laptop with good size and weight and have a touchscreen. ,2,3,4,3,5
2035,I want to buy a new gaming laptop for myself that play games well and have a large storage. I also want it to be sleek and light.,4,3,1,4,2
276,I need a computer run well in programmes and games. ,1,0,2,1,2
1134,"I need a light, well build laptop with a great screen and trackpad. ",1,1,3,1,2
431,I need a fast computer. ,3,3,2,1,2
2167,A computer with a high performance-cost ratio is what I want.,2,5,1,3,2
634,I want to buy a laptop with a big screen and long battery. ,2,3,3,3,2
1353,"I am new to gaming laptop and I want one that run flawlessly for games. Also, I want it to have great design and start up fast.",2,1,1,3,2
1013,I am looking for a fast laptop. ,4,3,1,0,2
606,I am looking for a fast laptop with solid build quality. ,1,0,1,1,2
335,I need a computer with excellent build quality and keyboard. It should be upgradable. ,1,0,2,1,2
1126,"I want a thin, fast and light laptop with a stylish design and a foldable casing. It should have a good battery, a tactile keyboard, a bright and responsive touchscreen, and dual versatility.",4,1,3,3,3
2203,I am new to laptop so there should be easy installation and loading.,3,3,1,4,2
1090,I need a laptop with a touchscreen. ,3,3,5,4,6
386,I am looking for a laptop with good build quality and a screen.,1,1,1,1,1
742,I am looking for a gaming laptop that runs great. ,1,0,1,0,1
1127,I need a laptop with good build quality. ,4,1,3,3,3
2208,I am a middle-aged man and I have lower requirements on electrical device. I only need a fast computer that comes with plenty of storage. A good set of ports and a CD/DVD drive should be included. The speakers should be good and the battery life should be exceptional. I would like to have a dedicated number pad and a responsive touchpad.,3,3,1,4,2
903,"I want a lightweight laptop with great build quality and powerful specs. It should have an amazing, responsive touchscreen, good speakers and a backlit keyboard, fast fingerprint sensor and the touchpad should allow multiple gestures. ",0,3,3,1,4
57,I want a quick and easy to setp up computer. ,1,3,4,4,2
661,I am searching for a light laptop with nice and handy outlook and good performance. ,3,3,2,3,3
963,I want to get a light weight laptop with great start up speed. ,1,3,1,1,1
1432,I want to find a computer with high performance-cost ratio that would be perfect to use in trips.,2,1,1,3,2
1316,I need a new computer with high performance-cost ratio immediately because my old one is not working.,2,1,3,3,2
1732,I want a computer that have great specs and amazing cooling. The SSD should be fast and the battery life should be long.,2,1,5,3,2
1511,"I want to have a new gaming laptop and I want a nice display to come with it. I also want it to be responsive, quiet and light.",2,1,1,3,1
114,I prefer a reliable laptop that is easy to use and easy to set up. ,1,3,4,4,2
708,I want to buy a laptop with simple and easy set up and start up. It should have sturdy and robust build quality. ,1,0,2,3,1
27,I want a scalable laptop. ,1,3,4,4,2
176,I need a computer that starts up quickly and runs smoothly.,1,0,2,1,2
208,I want a gaming laptop that runs great. ,1,0,2,1,2
1066,I want a solid laptop. ,3,2,1,3,2
486,I am looking for a laptop with excellent graphics and CPU speed. ,1,0,1,0,1
1113,I want a big screen laptop. ,2,3,1,2,1
1782,My old computer died suddenly and I need a new one that is fast and economical. The screen should also be good looking.,2,3,3,3,4
2292,I want a fast computer with a good shell. The keys should be comfortable and the screen size should be acceptable. A reasonable battery life is also expected. I also want some good ports. Hopefully the computer is speedy and have a reasonable price.,3,3,4,4,2
1880,I do streaming and gaming so I am finding a new laptop that does perfectly in both aspects.,3,3,0,3,2
1838,"I do a lot of typing at night so it would be good if the keys are highly visible at night. Moreover, the keyboard should be comfortable and responsive. I also want an amazing display to handle games well.",3,1,1,3,1
240,I am looking for a computer with good quality graphics and long battery life.,1,0,2,1,2
82,I am looking for a portable and lightweight laptop. ,1,3,4,4,2
1304,I am buying a computer as Christmas present for my son and he specifies that it has to be great for games.,2,1,1,3,2
1255,I am in need of a new computer and it should work fantasticly for games. I would like it to have a glowing red keyboard and good sound output. Graphics are also important.,2,1,1,3,2
1437,A computer with a high performance-cost ratio is what I need.,2,1,1,3,2
118,I am looking for a laptop that powers on quickly. It should have a nice screen and a decent battery. ,1,3,4,4,2
573,"I need a fast, responsive and easy to use laptop. ",3,3,2,1,2
519,I am looking for a laptop that works great. ,1,0,1,0,1
453,I like the laptop to have a good screen and weight.,1,3,3,3,3
1260,"My dream computer would the one with marvellous design, pleasing audio system and amazing specs.",2,1,1,3,2
1279,I am finding a computer with great price.,2,1,1,3,2
744,I need a fast and solid laptop with a big screen and keyboard that runs cool.,3,3,1,1,1
988,"I am looking for a small, compact and fast running laptop for my kids. ",3,3,5,4,6
308,I need a computer with good frames for gaming. ,1,0,2,1,2
780,I decide to buy a portable laptop with good performance and have built in noise cancellation for the microphone. ,1,1,2,1,3
1147,"I want a fast, sleek, portable laptop with a solid body and good battery life. ",1,1,3,1,2
398,I need a laptop that is fast and beautiful in style.,1,1,1,1,1
1456,I need a light computer which can turn on fast and run cool. I need to have a good screen with it. I also need to have a decent battery life to get my work done.,3,3,1,3,2
2266,I need a computer that is easy to get started.,3,1,2,1,2
2219,"My old computer needs replacement with a lighter and faster model. There should be no heating issues. The bezels should be thin and for the speakers and the battery life, they should be decent.",2,3,1,3,3
1945,My old computer doesn't work for me anymore so I need a new one with decent touch screen and sound. The price shouldn't be too high though.,3,3,0,3,2
1214,I like a fast and lightweight laptop with good battery life. ,3,3,5,4,3
1803,I have tried multiple brands and this time I am finding myself a portable computer.,4,3,2,1,3
763,I need a laptop which a great speed and weight and very detailed graphics. ,1,0,2,1,2
34,I am looking for a laptop that is user-friendly and has a smooth layout. ,1,3,4,4,2
1706,I want a computer with good screen and fast booting. The FPS rates should be good as well as the wireless card. Hopefully there is a fast WIFI connection and a high performance-cost ratio.,2,1,5,3,2
1960,I want a computer that is lightweight and fast.,3,3,1,3,0
1099,I need a lightweight laptop with a good screen. ,2,3,1,2,1
334,I want a fast and good sized laptop. ,1,0,2,1,2
1565,I can't use my old computer anymore and I need a new one that is fast and reasonably priced. An awesome keypad is also needed.,2,5,1,4,2
1967,"I have to do homework at night so it's better to include a backlit keyboard. Moreover, I want it be to fast and lightweight.",3,3,0,3,1
2254,"I do pay attention to user response on computer and I am finding one that is quick, light and slim. The bezels should be narrow for the screen to show sharp images.",2,3,1,3,3
1046,I decide to buy a lightweight and small laptop with a fast processor. ,2,3,4,3,5
986,I want a laptop to have a very nice screen and use high quality build materials.,4,3,2,1,4
1650,I try to present myself with a computer that has a good price.,3,2,1,3,2
589,I would like to get a good looking and portable laptop with a great screen quality. ,1,3,2,3,3
1383,I need a engineering work station so the computer should be fast.,2,1,1,3,2
864,"I am looking for a fast, tiny and light laptop. ",1,3,3,3,4
1893,I am a student and I need a recommendation for a lightweight and thin computer. It should also be sleek and come with the perfect size.,4,3,5,4,3
1642,I am going to purchase a new computer on Black Friday so what I want is a computer that play games well in a low cost. The fan should be quiet.,3,2,1,3,2
504,I wanted a laptop that looked good from different angles.,1,0,1,0,1
2234,"As an experienced Windows user, I am finding a new laptop that is fast, light, sleek and has a good storage capability.",2,3,1,3,3
2288,A lightweight computer is what I need.,3,5,3,3,2
749,I want a smooth laptop with a good monitor. ,1,0,2,1,2
65,I like to have a laptop with good battery life.,1,3,4,4,2
2122,"I go to work via public transportation so it's important for me to have a compact, thin and light laptop. The battery life ought to be impressive. I hope the finish would be fairly fingerprint resistant. I don't want there to be any bloatware.",4,3,3,3,4
1424,"I have been doing a lot of research on computers and I have been longing for a computer that is light and fast. For the keyboard, it should have an excellent layout and the keys should great when typing. I need a responsive touchpad. I hope the computer won't get overheat at all. For the screen, I want no reflection on it and it should have great viewing angles being crystal clear. I want the bootup time to be as short as possible. For the connectivity, I need it to do well in both Wifi and Bluetooth. The data transfer should be fast. For the specs, I need an outstanding SDD and enough space for my files. It would be better to feature a Wireless Display option. I want minimal amount of fan noise. Moreover, the camera and the speakers should be good with a decent price.",2,1,1,3,2
1480,The computer should be light.,3,3,1,3,2
653,"I need a laptop with plenty of space and good Bluetooth capability. It should have a good webcam, a good sized keyboard and a good touch screen.",3,4,3,3,3
1378,I need a computer with a reasonable price.,2,1,1,3,2
1758,My dream computer is a powerful laptop.,2,1,5,3,2
735,"I want a lightweight laptop with a good tactile keyboard, good heat distribution and a quiet fan.",1,3,2,1,2
2175,Our old computer are not fast enough so we need some new one with higher performance-cost ratio.,2,5,1,3,2
441,I would like an easily upgradable laptop with a good battery and a colourful backlit keyboard.,1,0,2,1,2
1418,My regular computer needs repairment so I am finding a new one with nice display in a low cost.,3,3,1,3,1
531,I will buy a laptop that is light and have a big screen. ,3,3,1,1,2
686,"I want a lightweight laptop with phenomenal speed. It should have a fast fingerprint reader, WiFi 6, Thunderbolt 4, long battery life, and large SSD. ",3,3,2,3,3
722,I want to buy a laptop with a sleek design and sharp images. ,4,1,2,1,2
1012,I like a solid laptop with plenty of speed and no bloatware. ,4,3,1,0,2
274,I am looking for a quick start and download for my laptop.,1,0,2,1,2
1720,I need a high performance-cost ratio computer.,2,1,5,3,2
806,I am looking for a laptop with good battery. ,3,4,3,3,2
2144,I am finding myself a new computer that has an amazing screen with a high performance-cost ratio.,2,5,1,3,2
1141,"I am searching for a slick, slim and upgradable laptop with good screen and refresh rate. ",1,1,3,1,2
1583,Price is what I look into when purchasing a new computer.,2,5,1,4,2
1542,I need a fast computer to do basic home stuff.,3,3,1,3,2
2206,I am working to find the best price for the best computer.,3,3,1,4,2
1209,I need a nice sized laptop. ,3,3,5,4,3
1468,"I need a light computer that runs fast. For the keyboard, it would be better if it is back-lit. The USB port access should be great. The screen would be better if it has vibrant resolution. The battery life should be reasonable for a laptop. I want it to have a high performance-cost ratio.",3,3,1,3,2
1265,I am finding a solid computer with a lighted charger.,2,1,1,3,2
1464,"I need a few criteria for my new computer. First, I need a sturdy but light lid. Second, I need a good selection of ports. Third, I need the colours to look vivid on the screen. Fourth, I need the viewing angles to be decent. Fifth, I need the computer to have a decent battery life. Sixth, I need the computer to have a backlit keyboard which is quiet while typing. Seventh, I want the fan noise to be manageable. Last but not least, I want the bluetooth connection to be as fast as it can be.",3,3,1,3,2
835,I like the laptop is easy to set up and have a good touchscreen. ,3,3,5,4,3
706,"I want a good designed laptop with phenomenal build quality and good travel distance. It should have a solid keyboard, good size and quality mousepad and touchpad, a high quality screen and microphone. ",1,0,2,3,1
252,My son wants a laptop with a good quality screen and a keyboard with backlighting.,1,0,2,1,2
309,I want a good quality laptop which works smooth. ,1,0,2,1,2
182,I would like to have a durable computer with multiple ports and a good display.,1,0,2,1,2
1579,I do play some kinds of games and I need a new computer that work the games perfectly. A wonderful screen should come with an excellent price.,2,5,1,4,2
323,I am looking for a stylish laptop which is light and powerful. ,1,0,2,1,2
1161,I will buy a laptop with fast processing speed. ,3,3,1,0,2
128,"I wanted a quiet, fast-running laptop that had plenty of ports and a great screen.",1,3,4,4,2
1762,I need a computer with impressing build.,2,1,5,3,2
1483,I want a quick computer with reasonable price.,3,3,1,3,2
154,I am looking for a fast and easy to carry laptop that is comfortable to use. ,1,3,4,4,2
1923,I do basic business application on my laptop so I need sufficient amount of RAM and large drive of my data. I also need it to handle my task quickly. I would be grateful if it includes separate buttons for left and right click as my previous computer didn't. The computer have to stay within the budget of my company.,4,3,0,2,2
314,I am looking for a powerful laptop that not too heavy. It should have nice lighting and performance. ,1,0,2,1,2
1849,I need a fast computer to do video editing.,3,1,1,3,1
2277,I need a computer that run any games well.,3,1,1,3,2
1902,I would carry my computer around so it would be great to be thin.,4,3,5,4,3
546,I like light laptop. ,3,3,1,1,2
1460,I want a light computer which can runs fast.,3,3,1,3,2
2018,I won't expect too much for my new computer but a high performance-cost ratio is a must.,4,3,1,4,2
2226,I am becoming a coder and I need a new computer that is sleek and has large storage space.,2,3,1,3,3
654,I want to buy a clean laptop with a good shape. ,3,4,3,3,3
1679,Good specs would make the computer more powerful.,3,1,1,1,2
890,I need a fast and light laptop. ,4,3,2,1,3
258,"I wanted the perfect computer with smooth graphics, vibrant colours and decent sound.",1,0,2,1,2
1973,I need a low priced mechine that is easy to setyp and sound greatly.,4,3,1,4,2
754,"I want a laptop with a good size screen, upgradeable ram and good CPU and GPU performance. ",1,0,2,1,2
1712,The computer I need is the one which can be opened up and upgraded easily and have a good build quality.,2,1,5,3,2
124,"I am looking for a fast, thin and light laptop with multiple ports. It should also have a good speaker, a responsive touchpad and a keyboard with a numeric keypad.",1,3,4,4,2
775,I like a fast and light laptop with long lasting battery. ,1,1,2,1,3
1832,I plan to buy a travel notebook so it should be slim and lightweight. The battery life should be long so I don't have to take a charger around. The fan should be quiet so I don't disturb others. I want the display to be beautiful and the mousepad and keyboard to be accurate.,4,3,2,1,3
521,I would like the laptop's Caps Lock and Number Lock keys to light up.,1,0,1,0,1
565,I want to buy a lightweight and solid laptop that has beautiful aesthetics and great productivity. ,1,0,2,1,4
533,I need a light and powerful laptop. ,3,3,1,1,2
28,I need a responsive computer which has a good screen resolution and size. ,1,3,4,4,2
1786,I don't have a big budget so I need a computer that comes with a good price.,2,3,3,3,4
220,I want a laptop with a long battery life and a nice keyboard.,1,0,2,1,2
1540,I need a computer with a good hardware.,3,3,1,3,2
179,I want to buy a slim laptop with open slots. ,1,0,2,1,2
424,"I like the laptop can sync with google. It should have USB-C ports, a great touchscreen and long battery life. ",4,3,5,4,6
336,I want to buy a fast and upgradable computer that have responsive backlit keyboard and good built and design. ,1,0,2,1,2
147,I need a fast and easy to set up laptop that has a smooth keyboard and good screen resolution. ,1,3,4,4,2
798,I want a fast running laptop. ,4,3,5,4,6
644,"I need a laptop that works fast, easy to set up and has perfect shape. ",3,4,3,3,3
914,I decide to buy a light and fast laptop with great built quality. ,0,3,3,1,4
2200,"For a light use of laptop, I am finding one that runs quickly with a low cost.",3,3,1,4,2
1678,My computer doesn't play my games well so I need a new one that plays games with no stutters. The colour should be accurate on the screen.,3,1,1,1,2
146,I want a fast-running laptop with a decent weight. ,1,3,4,4,2
2007,I don't have much money so I would need a computer with reasonable price.,3,3,1,3,2
1467,I need a computer with a high performance-cost ratio and a large memory. I want the computer to boot up quick and last long for the battery.,3,3,1,3,2
2058,"I wish the computer would perform greatly in images. Also, it should be light.",3,3,1,4,2
1698,I want to change my old computer and I need a fast one with excellent battery life.,3,1,1,3,2
1646,I am finding a new computer with nice price and good speed.,3,2,1,3,2
648,I need a laptop that is easy to set up. ,3,4,3,3,3
1391,I hope the computer will fit with my budget.,2,1,1,3,2
105,I am looking for a easy to use and upgradable laptop that runs fast and have good storage. ,1,3,4,4,2
583,I am looking for a small and light weight laptop that is easy to use. ,1,3,2,3,3
802,"I want a light and small laptop with long battery life and dual band wifi. It should run cool and silent, have lots of ports for upgrading and a replaceable battery. ",4,3,5,4,6
98,I want to buy a easy to set up laptop with great functionality. ,1,3,4,4,2
1319,I need to have a decent computer with a decent price.,2,1,3,3,2
1534,I need a computer that has solid performance with reasonable price.,3,3,3,3,2
2080,I am looking for a new computer that comes with a high performance-cost ratio.,4,3,1,3,2
1738,I need the computer to have high performance-cost ratio and low power consumption and heat.,2,1,5,3,2
2229,I am not sure what computer I should get but I am sure I need one that bootup quickly and display amazingly.,2,3,1,3,3
1269,I sometimes have long meetings so a computer with long battery life is a must. I would also want it to come with awesome keyboard and low cost.,2,1,1,3,2
43,I want a simple and slim laptop. ,1,3,4,4,2
152,I wanted to buy a lightweight laptop that runs cool. ,1,3,4,4,2
1788,I am finding a laptop with a high performance-cost ratio.,2,3,3,3,4
723,I prefer a laptop with good screen quality. ,4,1,2,1,2
674,"I need a quiet laptop which has a perfect size and a sharp screen with good resolution and viewing angles. It should have a solid case, backlit keyboard, Thunderbolt 4 port and plenty of battery life. ",3,3,2,3,3
225,I am looking for a easy setup computer for my daughter. ,1,0,2,1,2
736,"I want a light and powerful laptop which has a good screen, solid case, good amount of storage and great cooling and design. ",1,0,1,0,1
1566,I am looking for a different brand from my current computer which would be fast and well priced.,2,5,1,4,2
1799,I need a new computer for myself and I want it to come with superb build quality. The screen should be good and the clicks should have nice tactility. I hope it would be sleek and economical.,4,3,2,1,3
251,I would like to have a computer with a long enough battery life.,1,0,2,1,2
1826,My old computer is too slow so I need a faster and lighter one.,4,3,2,1,3
1702,All I need on a computer is high bootup speed and great graphics.,3,1,1,3,2
761,"I need a fast laptop with enough memory, enough SSD space, and thin power supply. It should have a big and bright glorious screen and a nice full-sized keyboard. ",1,0,2,1,2
1787,I need the computer to be light enough that I can carry it around.,2,3,3,3,4
142,I want a light laptop that have good colour and easy to clean. ,1,3,4,4,2
1494,I need to have plenty of ports on the computer.,3,3,1,3,2
743,I want a fast laptop. ,3,3,1,1,1
886,I am looking for a lightweight and portable laptop that runs fast and have a good keyboard and a big screen. I also want it to have long lasting battery and good face ID features. ,4,3,2,1,3
1212,I want a laptop with a nice screen size. ,3,3,5,4,3
1058,I will buy a laptop with exceptional screen quality. ,1,3,2,3,4
1998,I am currently running out of savings but I want a nice computer with a nice price.,3,3,1,3,3
714,I like a fast and easy to upgrade laptop with a good backlit keyboard and good functions. ,1,0,2,3,1
2,"I am looking for a light and durable laptop for school and gaming. It needs to be powerful, have good connectivity and keyboard design and have multiple ports.",1,3,4,4,2
1970,My old laptop needs replacement and I need a new one that has beautiful laptop design and accommodating screen size. It should be lightweight including backlight features.,3,3,0,3,1
1873,"I am finding a new computer that is light, handy and easy to use.",3,3,0,3,2
1499,"I am finding a replacement computer and it should be fast, light and easy to use.",3,3,1,2,1
693,I like to buy powerful laptop. ,3,3,2,3,3
354,I would like to have a fast computer.,1,0,2,1,2
677,"I am looking for a light and fast laptop that have solid hinges and metal made body. It should have quick wifi connection, a good lit keyboard, a finger scanner and a good looking screen with bright colours. ",3,3,2,3,3
716,"I am looking for a solid laptop with a reactive and customizable touchpad, a smooth keyboard with good layout, and a responsive pen. ",4,1,2,1,2
1226,I prefer a fast laptop. ,3,3,5,4,3
615,I would like to buy a powerful laptop with great features. ,1,0,1,1,2
127,I am looking for a easy to set up and upgradable laptop that runs fast and smooth. I want it to have a good display and sound quality with plenty of ports and a good keyboard and trackpad. ,1,3,4,4,2
1594,Price is an important element when I purchase a new computer.,2,5,1,4,2
1423,My old computer is not working and I need a fast and well built one.,3,3,1,3,1
1689,I have got a lot of photos and I need a roomy device for that. I also want it to be lightweight and fast.,3,1,1,3,2
2179,"I need a new work station that is fast, light and good looking. The screen should be huge though.",3,1,3,2,2
468,I will buy a fast laptop with a lighted keyboard. ,1,3,2,3,1
464,"I want a laptop that runs smoothly, quietly and coolly. It should have plenty of memory and adequate processing power. I want it to have a responsive touchpad, clear speakers, long battery life and good instant connectivity.",1,3,2,3,1
422,I want a user friendly laptop that is convertible to tablet with a touch screen. ,4,3,5,4,6
1047,I want a cute and small laptop. ,2,3,4,3,5
1257,Speed is the aspect I look into when purchasing a new computer.,2,1,1,3,2
358,I want a fast laptop which looks cool. ,1,0,2,1,2
1392,Specs are what I look into when buying a new computer so the keyboard and trackpad must be decent.,2,1,1,3,2
1685,My old laptop is not working and I am finding a lightweight and fast one with high performance-cost ratio.,3,1,1,3,2
673,"I am looking for a fast laptop with a lot of power and incredible battery life. It should have good graphics, bright and sharp screen, superb build quality, and fast drive and ram. I also want to have a precise keyboard with great scissor keys. ",3,3,2,3,3
197,I hope that I could have a smooth-running computer. ,1,0,2,1,2
731,I want a light and fast laptop. ,1,3,2,1,2
1783,"My must-have feature is a backlit keyboard. Besides that, I need more-than-enough storage and CPU speed. I hope there would be a fast Wifi connection. The computer should be light though.",2,3,3,3,4
1018,I want a light laptop with excellent speed and resolution. It should have good speakers and viewing angles. ,4,3,1,0,2
2076,I plan to have a great bargain on a new computer.,4,3,1,3,2
2135,I am looking for a new computer that is lightweight and good looking.,2,5,1,3,2
362,I want to buy a fast pc. ,1,0,2,1,2
302,I want my computer to run quickly. ,1,0,2,1,2
2231,I am switching my old computer to a quicker and lighter one. I want the keyboard to be backlit. The computer should also be portable with reasonable battery life. I need the USB port access to be excellent. The screen resolution should also be vibrant.,2,3,1,3,3
2215,"I don't have much requirement on my new computer but I want it to be easy to setup. My other computer own Microsoft 350 so it would be nice if the Microsoft 350 can automatically updated. Moreover, it should be cheap and fast. I want the image on the screen to be crisp and clear.",3,3,1,4,2
164,I was searching for a laptop that was perfect for gaming and that would run smoothly at maximum graphics settings.,1,0,2,1,2
426,"I want a portable laptop that has high speed, good quality of screen and camera and large memory. It should have multiple ports. ",3,3,2,1,2
1328,I am looking for a computer with an excellent sound output.,2,1,3,3,2
1026,I need a laptop with insane hardware. ,3,1,1,1,2
1629,I want to have a light and sturdy computer.,3,2,1,4,2
560,I want to buy a laptop with great performance and upgradable memory and storage. ,3,4,3,3,2
277,I want my laptop to look cool and have a super clear screen. It should run well and have cool keyboard lights.,1,0,2,1,2
55,I like to buy a nice design laptop that starts up fast and have good keyboard and speakers quality. ,1,3,4,4,2
1974,My old computer is not working and I need a new with good size and colour.,4,3,1,4,2
417,I want a quick laptop with fast recharging and a good battery life and touch screen. ,4,3,5,4,6
1105,I want a fast laptop with a bright and crisp display. ,2,3,1,2,1
427,I am searching for a nice sized screen laptop with sturdy construction. ,3,3,2,1,2
1282,I play games on laptop and I am finding a professional computer for that.,2,1,1,3,2
2193,I was looking to upgrade my old computer but eventually I decided I would just find a new computer that is more upgradable.,3,3,1,4,2
2224,I need an excellent choice for home working and it should be elegant and fast.,2,3,1,3,3
1603,I like beautiful things so my computer should have awesome looks.,2,5,1,4,2
2248,"I want to get a computer that is slim, light, fast and great looking.",2,3,1,3,3
391,I wish for a solid laptop with a sharp screen and nice feeling keyboard. It is nice to have fans that easy to controll. ,1,1,1,1,1
1770,"I need the computer not to look gaudy, but to play games well.",2,1,5,3,2
2290,I write programmes so I need a computer that is perfect for programming.,3,2,2,4,2
1986,My old computer isn't working and I need to find a new one that is sleek and light. I need it to boot quickly while staying cool.,3,3,1,3,3
1643,My household has different needs for a computer and so it should be fast and have great graphics.,3,2,1,3,2
737,I like fast laptop.,1,0,1,0,1
1084,I am searching for a light laptop with a nice and simple keyboard and good battery life. ,3,3,5,4,6
1576,My wife wants to play more demanding games so she needs a computer that handles games well and quick. There should be tons of storage for her to store the games. The computer should also be thin and light. A great battery life is expected.,2,5,1,4,2
5,I wanted a large and easy to set up laptop.,1,3,4,4,2
1186,I want a laptop with a nice weight. ,1,3,2,1,2
2244,I am taking the laptop to school and I want it to do fast in typing responsiveness and log in time.,2,3,1,3,3
19,I want to buy a thin and light laptop for my husband. It needs to have a high quality screen and keyboard and a long battery life.,1,3,4,4,2
2148,"Screen is the most important element to me so I want it to be sharp. Moreover, I want the computer to be light and compact.",2,5,1,3,2
930,I will buy a laptop that is fast and easy to navigate. ,4,3,5,4,6
2125,"My old laptop isn't working very well and I need a new one that comes with a good price. I want it to be fast, lightweight and portable. The battery life should be awesome and the screen should be bright for me.",2,5,1,3,2
567,I want a laptop with great design and RGB effects in the back. ,1,0,2,1,4
1183,I love light laptops. ,1,3,2,1,2
1560,"I would just use the computer for some light use so all I need is fast, cheap and good graphics.",2,5,1,4,2
1097,I wish for a fast and compact laptop. ,3,3,5,4,6
129,I prefer a fast and light laptop with a big and bright screen. ,1,3,4,4,2
2044,I need to take my computer to school so it's better to be lightweight.,3,3,1,4,2
506,"I want to buy a laptop with stable ram, a great display and good fan control. ",1,0,1,0,1
2252,I need a fast computer to get my things done quickly.,2,3,1,3,3
1484,I need a computer with great screen.,3,3,1,3,2
1634,I want something sleek to play my games well.,3,1,3,3,2
608,I love a laptop that looks great.,1,0,1,1,2
415,"I am looking for a strong, durable, and light laptop. ",4,3,3,3,4
1987,I need a good keyboard for my typing work.,3,3,1,3,3
1380,I need a computer that is good for multitasking.,2,1,1,3,2
438,"I am looking for a laptop with a bright screen that works great in anti-glare, solid speed and few bloatware. ",1,0,2,1,2
1805,I am finding a computer for light office work and it should boot up quietly and be easy to set up.,4,3,2,1,3
724,"I need a laptop with good battery, a crisp display and superb build quality. ",4,1,2,1,2
620,I need a lightweight laptop that will not get hot. ,1,3,2,3,3
1817,"As a student of Systems Engineering, I need a fast and portable computer to get my programme done. The build quality should also be excellent.",4,3,2,1,3
1943,My old computer needs replacement and the new one should come with good speakers and video quality with a low cost.,3,3,0,3,2
1828,I need a computer to replace my old computer that should be fast and quiet.,4,3,2,1,3
787,I like a lightweight and quiet laptop with no heat. It should have great graphic and the screen should be clearly visible from any angle. ,4,1,2,1,2
2017,Our mechanic said he needs a laptop that has a high performance-cost ratio.,4,3,1,4,2
2113,"I am a performance ethusiatist and so an awesome processor is a must. I also want it to be light and classy. The display should be vibrant, along with some small bezels. The battery life should be long though.",4,3,3,3,4
81,I need to buy a laptop with a good screen quality. ,1,3,4,4,2
44,I am looking for a computer with great picture quality. ,1,3,4,4,2
322,I need a fast and smooth laptop. ,1,0,2,1,2
1876,I want to have a new computer that has a high hard disk capacity with an excellent price.,3,3,0,3,2
1445,I need the best use of my money on a good computer.,2,1,1,3,2
2188,A fast computer with a great price would be what I want.,3,3,1,4,2
511,I hope to buy a lightweight laptop that has high specs and a great clear display. I also want it to have a great system without bloatware and run cool. ,1,0,1,0,1
508,I am looking for a fast laptop. ,1,0,1,0,1
2030,I spend long time working on document so it's good to have a non-glare screen.,4,3,1,4,2
1292,"I don't want my old computer anymore and I am finding a new one that boots fast. For the specs, it should look great with a sturdy keyboard and nice trackpad.",2,1,1,3,2
2103,"I want a good-looking computer with an awesome keyboard. I also want it to have a precise trackpad, NVME slots and great USB-C charging. ",4,3,3,3,2
2100,I am using the computer for work so I need it to be fast and have bright colours.,3,5,3,3,2
2074,My old laptop is not working and I am finding a new one that has good amount of RAM and storage. It should play games well with a good price.,4,3,1,3,2
887,I need a solid and light laptop with fantastic battery life and a good IR camera for face sign in. It should have good mouse buttons and keyboard design. ,4,3,2,1,3
1963,I am not a computer savvy and I want a computer that is easy to use.,3,3,1,3,0
1197,I like a cute and lightweight laptop. ,3,3,5,4,3
576,I need a fast and high-quality laptop that have a well made case and excellent RAM. ,3,3,2,1,2
1479,The computer should have a light but large enough screen accomplished with speed.,3,3,1,3,2
200,I like to buy a computer which runs smooth.,1,0,2,1,2
1985,"I am planning to buy a new laptop and I want to new one to be silent, lightweight and easy to use. There should be lots of storage. The keyboard should be good with backlight.",3,3,1,3,3
14,I like a neat and shiny laptop. ,1,3,4,4,2
2060,I am buying the computer for my family so I need a nice screen to protect their eyes.,3,3,1,4,2
703,I want to buy a portable laptop with powerful graphics and many connection options. ,2,1,2,1,2
1556,I dont want my computer to slow down so a no is for those bloatware.,2,5,1,4,2
1299,I need a new computer that comes with a good price.,2,1,1,3,2
1936,I need to change my old business laptop and I am finding a model with a smooth keyboard and a nice look.,3,3,0,3,2
1659,I need a replacement of my old computer that has a modern design and a nice screen. I want it to be fast in booting. The fingerprint sensor should be good as well as the price.,4,3,3,3,2
170,I wish to have a computer with high performance and low heat generation.,1,0,2,1,2
2098,I need a computer that is easy to setup and come with a high quality monitor.,2,2,1,4,1
514,I want a laptop with good specs. ,1,0,1,0,1
535,I will buy a fast and light laptop with a great screen size and quality. It should have a good battery life and run without lag. ,3,3,1,1,2
13,I need a capable laptop with excellent battery life. ,1,3,4,4,2
306,My son needs an easy to set up laptop with a nice backlit keyboard.,1,0,2,1,2
471,I will buy a laptop which has backlit keyboard. ,1,3,2,3,1
607,I want a quiet laptop with a lot of power. ,1,0,1,1,2
490,I decided to get a solid laptop which is fast to process.,1,0,1,0,1
1465,I need a computer with cool extra hard drive that is fast and clear.,3,3,1,3,2
495,I am searching for a smooth running laptop with great refresh rate and a good backlit keyboard. ,1,0,1,0,1
809,I need a laptop that runs nice. ,3,4,3,3,2
1194,I want a slim and light laptop with good speakers and screen. ,1,3,2,1,2
1268,I am looking for a computer that will fit my budget.,2,1,1,3,2
791,I need a fast laptop. ,4,1,2,1,2
1559,"I want a replacement for my old computer and I need a new one that comes with amazing build quality. For the specs, a good keyboard and wonderful display quality and resolution are expected. Moreover, the price should be reasonable.",2,5,1,4,2
32,I wish to have a very light laptop. ,1,3,4,4,2
204,I would like to buy a gaming laptop with high performance. ,1,0,2,1,2
1491,I need a well-built computer which is light and sleek so I can carry it around.,3,3,1,3,2
1519,I need a present for my husband and I hope it can with a reasonable price.,2,1,1,3,1
1150,"I want to buy a light, fast laptop which looks great and have a crisp screen. ",3,3,1,0,2
1251,I am taking the laptop to school and I want it to have a good selection of ports for my use. I also need it to play games well with a decent display.,2,1,1,3,2
376,I want a sturdy laptop with good sound quality and a high refresh rate. I need it to have a large touchpad with a backlit keyboard with a numeric keypad.,1,0,2,1,2
1710,I want the computer to run smoothly.,2,1,5,3,2
1142,I need a good style laptop which is upgradable. ,1,1,3,1,2
682,I am looking for a lightweight laptop that runs smooth and has a nice keyboard. ,3,3,2,3,3
840,I am looking for a laptop with good battery life. ,3,3,5,4,3
2164,I need a worthy computer with nice configuration.,2,5,1,3,2
1789,I pay many effort into investigating computers and now I want a sturdy and portable one. The keys ought to be tight and accurate. The trackpad and screen size should come ideally.,2,3,3,3,4
310,I am looking for a laptop that runs smoothly and has a good keyboard backlight.,1,0,2,1,2
892,I love a light and sexy laptop. ,4,3,2,1,3
2028,I have so many much more complicated things to do so I hope the setup would be easy.,4,3,1,4,2
187,I need a computer that runs fast. ,1,0,2,1,2
1060,I am searching for a sleek design laptop. ,1,3,2,3,4
1933,I want to get to use the computer as soon as possible so it's better to have some pre-loaded software.,4,3,0,3,2
1359,I checked many computers on Amazon and I want to find one with high performance-cost ratio.,2,1,1,3,2
58,I am searching for a new laptop with good dictation feature. ,1,3,4,4,2
96,I want a slim laptop which has a good wireless connection and convenient port design. ,1,3,4,4,2
1714,I want a computer with high performance-cost ratio.,2,1,5,3,2
891,"I want a light, powerful and simple laptop with a decent keyboard. ",4,3,2,1,3
1541,My friend askes me to buy her a lightweight computer.,3,3,1,3,2
592,I want a snappy laptop with great battery life. ,1,3,2,3,3
710,I need a well built laptop.,1,0,2,3,1
1367,I do multitasking so I need a good system to come with the laptop.,2,1,1,3,2
2072,I am buying a new computer for my wife and so the computer should play games with no problems.,3,1,1,1,2
207,I would like to buy a portable laptop which is well designed. ,1,0,2,1,2
1298,I am finding myself a nice computer which is fast and nicely designed. I need the graphics to be good.,2,1,1,3,2
1109,"I want to buy a laptop with a bright and big screen, and having a numerical keyboard separately from QWERTY. ",2,3,1,2,1
695,I want a laptop with a easy-to-access memory.,2,1,2,1,2
2261,"I am buying a new laptop for my husband and he wants it to be lightweight, clear and sharp. The sound should be good as well.",4,4,2,4,2
41,I need a fast computer with solid hardware. ,1,3,4,4,2
927,I need a laptop that is the right size for kids.,4,3,5,4,6
1238,I play games on laptop and I need it to be fast.,2,1,1,3,2
1152,I am looking for a laptop with nice ram and touch screen. ,3,3,1,0,2
1232,"My step son wants a computer with not much bloatware. He does mostly for gaming so a bright screen, fast refreshing, a decent keyboard and loud speakers are all the things he needs. I do hope the price won't be too high.",2,1,1,3,2
1079,I will buy a lightweight and portable chromebook with excellent battery life and super fast internet connection. ,3,3,5,4,6
149,I would like to buy a new laptop that is easy to set up and have smooth transition. ,1,3,4,4,2
1691,I am replacing my old computer and the new one should restart quickly with an excellent price.,3,1,1,3,2
1562,"I am finding a new computer for myself and I want it to boot up fast and handle several games well. Of course, the price can't be too high.",2,5,1,4,2
193,I like a computer that runs well and has a nice backlit keyboard.,1,0,2,1,2
2139,I am using the laptop for internet surfing as I need it to be lightweight and easy to setup.,2,5,1,3,2
623,I want to buy a laptop with long battery life and a clear screen with vibrant colour. ,1,3,2,3,3
163,I need a laptop that runs smoothly and has a long battery life for gaming.,1,0,2,1,2
455,I wanted a quick set up laptop with good touch screen functionality.,1,3,3,3,3
1399,"I pay attention to gaming experience so I need a new laptop with amazing gaming performance. It should boot up as soon as possible. For the specs, I need excellent touch pad, good back-lit keyboard, perfect speakers and subwoofer audio. By the way, I hope the computer would run quietly.",2,1,1,3,2
1388,I want an amazing touch pad for my computer.,2,1,1,3,2
141,I need a rugged laptop that starts up fast and has a good battery life. ,1,3,4,4,2
382,I decided to buy a laptop with a good backlit keyboard and a smooth and accurate trackpad. It's nice to have a good selection of ports.,1,0,2,1,2
84,I want to buy a fast and good looking laptop for my son. ,1,3,4,4,2
1496,I need a eye-catching display and a satisfying backlit keyboard for the computer.,3,3,1,3,2
1657,My old computer needs replacement and the new one should be fast and has a perfect size. The screen should be great though.,4,3,3,3,2
1317,I am a software engineer and I need a fast computer with nice graphics.,2,1,3,3,2
694,"I am searching for a light laptop that runs snappy. It should have incredible battery life, a fingerprint sensor and pretty snazzy colour scheme. ",3,3,2,3,3
756,"I like a laptop that has a clear display, crisp sound and a good keyboard. ",1,0,2,1,2
967,I need a fast and durable laptop for work. ,1,3,1,1,1
1350,I don't really have much money but I wish to have a computer that can run games on ultra graphic settings.,2,1,1,3,2
224,"I want a fast and quiet laptop so that I can use it next to my sleeping children. It should be slick, have a long battery life and multiple ports.",1,0,2,1,2
945,I love laptop with good battery life. ,1,3,2,1,2
397,I want a laptop with a big screen and a number pad. ,1,1,1,1,1
2257,My old laptop has a broken screen and I want a more good looking one.,2,3,1,3,3
889,"I want to get a fast, light and portable laptop. ",4,3,2,1,3
1528,I want to play games well on a fast computer.,2,1,1,3,1
70,I want a fast and light laptop with a great resolution. ,1,3,4,4,2
2053,I am finding a fast computer.,3,3,1,4,2
558,I want a laptop with excellent build quality. ,3,4,3,3,2
364,I will buy a laptop with upgradeable RAM. ,1,0,2,1,2
1677,I will use the computer for gaming and I hope there would be a sharp display and a high refresh rate. The keyboard should be smooth and the CPU + GPU should be fast.,3,1,1,1,2
555,I want a fast laptop that easy to upgrade. ,3,4,3,3,2
1373,I need a really fast computer.,2,1,1,3,2
217,"I would like a computer that has a good CPU, stays cool and has a stable battery life. It should have a good keyboard and screen. ",1,0,2,1,2
1968,Our homeschooled kids need some computers with large screen for learning.,3,3,0,3,1
42,I want a slim laptop with a great picture quality. ,1,3,4,4,2
584,I love laptops with gorgeous colours.,1,3,2,3,3
1863,I am finding myself a new computer that is fast and solidly built.,3,3,0,3,2
1324,I need a computer with excellent expandability.,2,1,3,3,2
672,"I like a lightweight and efficient laptop with a responsive backlit keyboard, hefty battery life, multiple USB ports and plenty of space. ",3,3,2,3,3
233,I want to buy fast laptops with good picture quality for my children.,1,0,2,1,2
1443,I want a computer that run games without issues.,2,1,1,3,2
327,I wanted to buy a laptop with a beautiful design and great hardware.,1,0,2,1,2
1159,I want a fast laptop. ,3,3,1,0,2
280,I need a laptop with no lag. ,1,0,2,1,2
727,"I am looking for a laptop with great build quality, screen and speaker. ",3,2,4,3,2
456,I need a laptop that loads fast. ,3,3,2,1,2
394,I like a laptop with a great screen. ,1,1,1,1,1
1449,"I am going back to college later and so I need a laptop with a huge screen and a number pad on the keyboard. Of course, the price should be good.",3,3,1,4,1
810,I need a overbuilt laptop that have a DVD drive. ,3,4,3,3,2
316,I want to buy a computer which runs great and have good graphics. ,1,0,2,1,2
2108,The computer should be light.,4,3,3,3,2
1361,I am finding some recommendations for a new computer that is fast and have both nice cooling system and battery life.,2,1,1,3,2
530,"I want a light, fast laptop that can handle 5g of wifi. it should boot up fast, not get hot, and have a quiet fan.",3,3,1,1,2
339,I would like to buy a small and light computer that have big keyboard and easy to manage. ,1,0,2,1,2
1708,I need a good functioning fan to be along with my computer. And I hope the battery life would be long enough.,2,1,5,3,2
1701,My old computer is not working anymore and I want a new one with sleek design and great display.,3,1,1,3,2
206,"I would like a responsive, smooth-running computer, and it would be nice to have a nice screen and look.",1,0,2,1,2
1868,I Skype with my friends so I need a good sound output so I hear them clearly. It should also be fast and light.,3,3,0,3,2
1435,Our business need a computer that comes with a high performance-cost ratio.,2,1,1,3,2
1671,I am looking for a computer that fulfil my data science demand and it should come with an awesome keyboard.,3,1,1,1,2
783,I need a light and fast laptop that is easy to set up and have a beautiful design. ,1,1,2,1,3
11,I want an expandable laptop.,1,3,4,4,2
2267,I am changing to a new computer and I want to come with amazing speakers and comfortable keyboard. The CPU and Wifi connection should be fast. The thermal control should also be good though.,3,1,1,3,2
1619,I don't want the computer to be heavy or look dull. I need it to be fast.,3,2,2,4,2
1078,"I am looking for a laptop that is easy to set up and connect to the internet, and have good battery life. ",3,3,5,4,6
880,"I need a light laptop with an amazing keyboard and a large, usable screen. ",4,3,3,4,3
711,I want a durable laptop with good screen quality and speed. ,1,0,2,3,1
2031,I like computer with nice colour.,4,3,1,4,2
24,I want a laptop that runs fast. ,1,3,4,4,2
405,I want a light laptop.,4,3,3,3,4
1526,I am into gaming and I am finding a new computer that is fast and own a gorgeous screen.,2,1,1,3,1
1605,I have a lot of things to be done so I need a quick processor on my computer.,2,5,1,4,2
563,I'm looking for a fast and snappy laptop with a nice metallic feel and sturdiness and an RGB window at the back. I want it to build up quickly and have a nice and bright screen that is touch responsive.,1,0,2,1,4
1551,My next semester is coming and I am finding a new computer to cope with the work. The computer should play games easily with an amazing price.,2,5,1,4,2
1029,"I want a slim, light, quiet laptop with great graphics and storage, a good backlit keyboard, loud speakers. It should have mulitiple ports, good pwer outlets placement, and fast processing. ",3,1,1,1,2
509,I need a laptop that easy to start up. ,1,0,1,0,1
2289,I want to find a computer that can navigate fast and easily.,3,5,3,3,2
2265,A light computer is preferable.,3,3,4,4,6
1846,I want to find the best computer with my limited budget.,3,1,1,3,1
2216,"I am finding a family laptop for my home and I want one that come with high performance-cost ratio. The picture should shown clearly on the screen. Also, it should be fast and last long.",3,3,1,4,2
1196,I need a laptop that can control the access of apps and websites. ,3,3,5,4,3
590,I want to buy a laptop in perfect size and colour. ,1,3,2,3,3
1229,"I edit photos for a living and that's why the graphics must be great on my computer. A good screen would help even more. Besides, I want it to bootup fast and perform my games well. It should be sturdy with a nice, sharp keyboard. I hope the price would be reasonable though.",2,1,1,3,2
1535,I don't enjoy waiting so I need a computer that startup and shutdown fast.,3,3,3,3,2
1932,My old computer is too slow so I want a new one.,4,3,0,3,2
719,I love beautiful laptop with good features. ,4,1,2,1,2
776,I want a laptop with a amazing screenpad. ,1,1,2,1,3
1652,I have a number of files that need good memory to store them.,3,2,1,3,2
102,I was hoping to get a expandable lightweight laptop with a great slim design. ,1,3,4,4,2
1178,I love a slim and light laptop. ,1,3,2,1,2
2013,My old computer needs replacement and I want a new one that has a nice screen and good keyboard.,4,3,1,4,2
2246,I need a great screen to better do my spreadsheets.,2,3,1,3,3
974,I need a laptop with good materials quality. ,1,0,2,1,2
547,"I want to buy a laptop that runs cooler and have good screen size and sharpness, weight, and battery life. ",3,3,1,1,2
2173,I need a computer with a high performance-cost ratio.,2,5,1,3,2
319,I need a computer that is fast and have good graphics. ,1,0,2,1,2
6,"I want a good build design laptop with a clear and crisp screen quality, and a good keyboard and trackpad",1,3,4,4,2
1235,I want to change my old laptop and something cool that handle most games would be perfect.,2,1,1,3,2
2020,"It would be pleasant to have been able to use the computer as soon as possible, so it should be easy to set up. Moreover, the colours should be able to display greatly.",4,3,1,4,2
1640,"I don't have much requirement for my new computer, it just need to be cheap.",3,2,1,3,2
216,I am looking for a laptop that will run smoothly for school and gaming.,1,0,2,1,2
324,"I need a computer with incredible processor, RAM and graphic card. ",1,0,2,1,2
1370,"Everyday I need to use my laptop so I need a big screen and a great keyboard to make it comfortable, of course, it should be fast also.",2,1,1,3,2
1287,I tend to look at other's reviews before purchasing a computer and I want one that play games well and quietly.,2,1,1,3,2
1623,A fast computer with a great screen resolution is what I need.,3,2,2,4,2
1547,All I need is a computer with a long battery life and a great touch screen.,3,3,1,3,2
1953,I am finding a fast computer that runs smoothly.,3,3,0,3,1
1883,I am buying a Christmas present for my daughter and she wants it to be fast to meet her needs.,3,3,0,3,2
2087,I would look into the specs the computer comes with so it should have a large hard drive and a decent RAM.,4,3,1,3,2
444,I am looking for a laptop with a good graphics. ,1,0,2,1,2
2000,My wife and I want to change the computer of our home and we are finding a computer that works quietly and fast. A good touch screen is also necessary.,3,3,1,3,2
561,I decide to buy a laptop with good build quality and good keyboard and touchpad. ,3,4,3,3,2
1193,I hope to have a light laptop with loud speakers. ,1,3,2,1,2
260,I am searching for a laptop with amazing graphics and speed. ,1,0,2,1,2
1900,I want to try something new that come with a cool touchscreen and sturdy hinges.,4,3,5,4,3
932,"I like a laptop with an amazing screen, good battery life, loud and clear speaker. It should have fast and convenient fingerprint reader and a good touch screen. ",1,3,3,3,4
1533,I need a business flagship with a great price.,3,3,3,3,2
1187,I need a beautiful and fast laptop with a great screen and trackpad. ,1,3,2,1,2
365,I need a laptop in a nice colour. ,1,0,2,1,2
1170,"I need a light, fast laptop with a big screen and smooth keyboard and trackpad. It should have a good webcam, samsung quick search feature and connections. ",1,3,2,1,2
255,I want a computer that is fast on graphics and wifi.,1,0,2,1,2
525,"I'm looking for a laptop that runs smoothly, has a large screen, is easy to upgrade and has a minimalist design.",1,0,1,0,1
1162,"I want a light, fast laptop with a good fingerprint recognition, fast charging and can sync to phone. ",3,3,1,0,2
678,"I would like to buy a lightweight and smooth running laptop with terrific build quality and graphics. It should have sturdy magnesium chassis, snappy storage, bright display and wide colour gamut and long battery life. ",3,3,2,3,3
965,I wish for a fast laptop with a nice feel keyboard and a bright screen. ,1,3,1,1,1
286,I need a laptop with good battery life.,1,0,2,1,2
817,I need a lightweight and thin laptop that is easy to carry. ,4,3,2,1,3
516,I am looking for a laptop that looks good and runs fast. ,1,0,1,0,1
145,I like a laptop that can self-install and has a ultra-fast wireless speed.,1,3,4,4,2
552,I need a fast laptop with no bloatware. I wanted it to have a nice screen and a quality keyboard.,3,4,3,3,2
275,I wanted a computer that was scalable and could run very fast.,1,0,2,1,2
998,I am looking for a lightweight laptop with perfect size and quick response. ,4,3,4,4,3
2005,I need a fast computer.,3,3,1,3,2
2086,I would like to have a sleek design for my next computer.,4,3,1,3,2
814,I like a light and unbreakable laptop. ,4,3,2,1,3
1495,I want a light computer with a backlit keyboard and a clear bright screen. The computer should start up quickly with impressive specs. I also need some really good hard drive.,3,3,1,3,2
1756,I need the computer to keep cool when I am gaming.,2,1,5,3,2
2251,I am using the laptop for small projects and I hope it has an appealing design and litup and easy-to-type keyboard. I want it to be lightweight thin. It should perform small applications well.,2,3,1,3,3
1695,I do spreadsheets all day and I want to find myself a computer with a high performance-cost ratio.,3,1,1,3,2
951,I am looking for a laptop with good thermals. ,1,0,1,0,2
1997,Quality and price must be balanced for my new computer.,3,3,1,3,3
1088,"I prefer a quick, easy and fast laptop. ",3,3,5,4,6
2235,My old computer is not that up-to-date and I need a lighter one with a good keyboard and a good touchpad.,2,3,1,3,3
1990,I need a stylish computer for my work.,3,3,1,3,3
985,I like a fast laptop with an excellent screen. ,4,3,2,1,4
833,I prefer to buy a laptop that start up quick and have a nice RGB keyboard. ,1,1,2,1,2
1395,I enjoy playing games and I would like the games to display well with good speaker and good graphic performance.,2,1,1,3,2
1485,I need a good looking computer which stays within my budget.,3,3,1,3,2
1477,I need a computer that is light and start up fast. I don't want the keyboard to be too fancy though.,3,3,1,3,2
67,I want my laptop to have a good touch keyboard. ,1,3,4,4,2
1222,I prefer a fast and easy to use laptop. ,3,3,5,4,3
1332,I am looking for myself a work station but can run lots of games with a good price.,2,1,3,3,2
2283,I am a student and am looking for a laptop that has a long battery life and a nice screen. I need it to be fast and light. The keyboard should be comfortable to someone who has big hands like me. The case should be sturdy as well as fingerprint-resist.,3,3,4,4,2
829,I like a laptop that has good graphics. ,1,1,2,1,2
2069,I am new into computer gaming and I want something that runs smoothly with reasonable price.,3,1,1,1,2
1959,A good touch screen should be installed on my new computer.,3,3,1,3,0
721,I need a laptop with great screen resolution. ,4,1,2,1,2
720,"I want a beautiful, powerful and portable laptop for my son. ",4,1,2,1,2
534,I need a laptop with a good screen size and good battery life. ,3,3,1,1,2
855,I prefer a portable and lightweight laptop with beautiful colour and awesome back lighting. ,4,3,3,3,4
1512,Speed is the particular area I look into when purchasing a new computer.,2,1,1,3,1
1752,A cool computer which can run fast is what I need.,2,1,5,3,2
1488,I need a quick and responsive computer.,3,3,1,3,2
1447,I want a powerful computer to come with a low price.,2,1,1,3,2
1972,I need a new laptop that is fast and has a nice backlit keyboard.,3,3,0,3,1
1885,I am taking the computer around so I need it to be sleek and lightweight.,3,3,0,3,2
769,I want to buy a fast and light laptop with great battery life. ,1,1,2,1,3
655,"I wanted a lightweight laptop with fast cold boot, easy to read backlit keys and awesome battery life. ",3,3,2,3,3
1874,My old computer is not working and I am finding a computer with a high performance-cost ratio.,3,3,0,3,2
1988,"I want to have a new computer for myself and I need to to be sleek, light and easy to use. The design should be good though.",3,3,1,3,3
1864,I need a computer that coordinate well with my iPhone.,3,3,0,3,2
1598,I don't have a huge budget so the new computer should be cost-effective.,2,5,1,4,2
612,I need a fast and well built laptop. ,1,0,1,1,2
1151,"I like a responsive laptop with an incredible display, a good touch screen and fast in boot up. ",3,3,1,0,2
1448,I need a computer that comes with a slim profile DVD burner.,3,3,1,4,1
1278,I won't pay too much money for a good computer.,2,1,1,3,2
1244,I do a couple of tasks on my laptop si I want it to run games well with a reasonable price.,2,1,1,3,2
1043,I like a fast laptop with windows ink features. ,2,3,4,3,5
2195,I don't want to have much bloatware on my computer.,3,3,1,4,2
1777,I need a good gaming laptop.,2,1,5,3,2
774,I want to buy a laptop with good sound quality. ,1,1,2,1,3
1081,I am searching for a laptop with a touch screen. ,3,3,5,4,6
2183,"The computer I want should startup fast, cool and quietly. I also want it to be light and have a long battery life. A high performance-cost ratio is also expected.",2,5,3,3,3
1757,I want a fast computer.,2,1,5,3,2
1847,I need a good piece of computer with a low cost.,3,1,1,3,1
2190,My old computer needs replacement and I am finding for a new computer that run games well and is easily upgradable. The battery life should be excellent and it should be entirely clear from bloatware.,3,3,1,4,2
795,I like laptop that is fast to boot and respond. ,2,3,2,1,2
1100,"I like a laptop that can drive a 4k external display. It should have decent graphics, a great keyboard, good audio and easy to upgrade RAM. ",2,3,1,2,1
1637,"As an artist as well as a gamer, I need the laptop to be nice looking, thin and light. It should bootup fast and has plenty of space. The screen should be bright with a wide viewing angles. The keyboard should be comfortable with nice backlight and good trackpad.",3,1,3,3,2
1585,I am finding the best computer with the most reasonable price that can run games smoothly.,2,5,1,4,2
1377,A nice looking computer would be suitable for me.,2,1,1,3,2
866,I want a portable and light laptop that runs fast and quiet. ,1,3,3,3,4
2152,I did a lot of research and found out having a sharp display is critical to me.,2,5,1,3,2
383,I want to buy a smooth-running laptop with a good physical design. It should have good airflow and a big touchpad. ,1,0,2,1,2
1091,I like a compact laptop. ,3,3,5,4,6
93,I want a light computer with a fast processor. ,1,3,4,4,2
1651,I surf the internet all day and I am finding a new laptop that do fast in that.,3,2,1,3,2
1561,I don't have much requirements for a new computer but I need it to run fast and setup easily.,2,5,1,4,2
1914,I am buying a laptop for my daughter and she wants it to be lightweight with a high performance-cost ratio.,3,3,1,4,2
1994,I have limited budget for a good computer.,3,3,1,3,3
1899,My son has some suggestion for me on the new computer and all I want is a big screen.,4,3,5,4,3
578,"I want to buy a slim and portable laptop that is sleek and light. I need it to have comfortable keyboard, bright anti-glare screen with rick colour and sharp images, and for it to boot up quickly and run smoothly.",3,3,2,1,2
2153,I need a lightweight and cool looking computer for work.,2,5,1,3,2
1355,I have done some research on my new computer and I want a really fast one.,2,1,1,3,2
108,I want to buy a laptop with a bright screen and a nice keyboard. ,1,3,4,4,2
1333,I need a computer with good specs.,2,1,1,3,2
556,I need a laptop with bright display. ,3,4,3,3,2
1280,I need to change my old laptop and I need one that run quietly and cool. I need to perform games well with a relatively low cost.,2,1,1,3,2
1502,The computer I want should handle all my needs with a good price.,3,3,1,2,1
1009,I like a laptop with a nice colour. ,3,3,1,4,2
1275,"I need a powerful laptop to bring to class so it should be small but with a big screen for multitasking. I have got long lectures so the battery life should be great. Besides that, I want it to handle games well. It should be fast, responsive and economical. The looking should be sleek with a full keyboard.",2,1,1,3,2
2177,I would use the laptop on a daily basis and there should be a lot of RAM.,3,1,3,2,2
137,I will buy a laptop with long battery life. ,1,3,4,4,2
1872,A good hard disk with a reasonable price is what I need.,3,3,0,3,2
1320,What I expect is a good computer with a high performance-cost ratio.,2,1,3,3,2
1156,I would like to get a laptop with good design and hardware. ,3,3,1,0,2
715,I like the laptop with bright display and beautiful backlit keyboard.,4,1,2,1,2
337,"I wanted a fast, easy to set up laptop with a cool design and good screen brightness.",1,0,2,1,2
1684,I am finding myself a new computer that has a good battery life and runs cool. I want it to have empty memory slot for further upgrading. The bezel should be thin around the screen. The graphics should be good though. I need a smaller charger unit with a high performance-cost ratio.,3,1,1,3,2
777,I want to buy a light and super thin laptop that have a good touchpad and a full HDMI. ,1,1,2,1,3
1931,I need a fast computer.,4,3,0,3,2
643,I want a small and light laptop which is portable and has good battery life and keyboard. ,3,3,5,4,6
1471,I need a computer which is fast and light. I want the design to be sleek. I need good storage capabilities to store my things and good speakers for gaming.,3,3,1,3,2
875,"I am looking for a light weight, ultraportable laptop that is aesthetically pleasing. It should have good keyboard and touchpad, good array of ports and impressive battery life. ",4,3,3,4,3
528,I need a portable laptop with a good screen size. ,3,3,1,1,2
650,I want a laptop that works well. ,3,4,3,3,3
610,I love a laptop has a lot of power. ,1,0,1,1,2
1544,I want the new computer to come with a cool touch screen.,3,3,1,3,2
374,I need a laptop with a good battery life. ,1,0,2,1,2
1853,I focus on the design of a laptop very much so a beautiful finish and a beautiful screen is a must. The keyboard and touchpad should also be good though.,3,1,1,3,1
1085,I need a laptop with great hardware. ,3,3,5,4,6
341,"I wanted a cool looking, fast and functional laptop with a bright and good colour screen.",1,0,2,1,2
1913,I want a new computer that comes with a high performance-cost ratio.,3,3,1,4,2
1966,We are finding a new computer with a reasonable price.,3,3,0,3,1
1213,I need a laptop with solid quality. ,3,3,5,4,3
786,I love laptop that have great construction and appearance. ,1,1,2,1,3
1827,I would be willing to pay an affordable price for a computer with amazing sound.,4,3,2,1,3
199,I am looking for a computer with great graphics quality. ,1,0,2,1,2
748,"I am looking for a fast and responsive laptop with ample drive space, memory and ports. ",1,0,2,1,2
598,I need a laptop with no loud fans or extremely hot exhaust. It should have amazing video quality and a cool lighted keyboard. ,1,0,1,1,2
2191,My old computer is starting to be unreliable so I need a new one that has lots of space yet running fast. I don't want the price to be too high through.,3,3,1,4,2
367,I want a fast laptop. ,1,0,2,1,2
1274,I'm an IT student and I need a computer that looks cool.,2,1,1,3,2
1288,I need a new computer to support my work that is solidly built with low cost.,2,1,1,3,2
2189,My old computer is still going on well but I decided to go on with a new one with a longer battery life.,3,3,1,4,2
916,"I want a small, light weight, easy to lug around laptop that runs fast, has a bright, vivid display and responsive, quick keyboard and mousepad. ",0,3,3,1,4
1991,"As a college student, I need a computer that has a large memory and high speed.",3,3,1,3,3
1405,"I need a computer for my work and I want it to be light and easy to carry for my meetings. Also, the battery life and screen should be good so I can show my clients my slides.",4,3,5,4,6
1531,I would do a lot of checks to make sure I buy the fastest computer with the best price.,3,5,1,3,3
91,I like a lightweight computer. Even better it can be set up easily and has a long battery life.,1,3,4,4,2
1669,I am finding a new computer for my personal use that is slim and has a nice keyboard. The startup should be fast.,3,1,1,1,2
701,I like laptops that are a convenient size and weight.,2,1,2,1,2
1925,I need to replace my old computer so I need a new computer with excellent CPU.,4,3,0,3,2
2109,I want a light computer but it should have a large screen. The keyboard should have nice clickness and the trackpad should be responsive. Hopefully the computer is fast and has tons of ports. The computer would be even better with a long battery life and a high performance-cost ratio.,4,3,3,3,2
125,I need a snappy laptop for work with a good screen quality and size. ,1,3,4,4,2
1200,I am looking for a laptop that feels sleek and smooth and have good battery. ,3,3,5,4,3
12,I like a nice looking light computer.,1,3,4,4,2
1478,I need a light computer.,3,3,1,3,2
570,"I need a light, good looking laptop that has good cooling and good performance in single core and light gaming.",1,0,2,1,4
2084,My old computer doesn't last long for the battery life and I hope the new one would.,4,3,1,3,2
2181,I want a computer with high speed and a tiny power adapter.,2,5,3,3,3
185,"I need a computer that has a great graphics card, has its own key to performance and CPU temperature, a fast SSD, a slick keyboard, and good battery life.",1,0,2,1,2
2057,I would need large storage for my files.,3,3,1,4,2
1956,I know what I need for my new computer: good size and bright screen.,3,3,0,3,1
831,I need a laptop with great quality build and performance. ,1,1,2,1,2
94,I need a laptop with a nice quality and responsive touch screen. ,1,3,4,4,2
1452,I have limited budget so the computer should come with a good price.,3,3,1,4,1
1195,I want a easy to use laptop with good battery life. ,3,3,5,4,3
982,"I want to buy a laptop with good build quality, screen and keyboard. ",4,3,2,1,4
2158,A computer with marvelous screen and good price is what I need right now.,2,5,1,3,2
1860,I am buying a laptop for my brother who just entered into college and the amount of storage ought to be more than enough.,3,3,0,3,2
245,"I need a computer with decent battery life. It would be nice if it booted quickly, had extra slots and very little bloatware. ",1,0,2,1,2
299,I am looking for a fast and expandable laptop. ,1,0,2,1,2
2116,I want to have a new laptop that is lightweight with a great battery.,4,3,3,3,4
1249,My past laptop just died a few days ago and I am in urgent for a computer that is well balanced for the price.,2,1,1,3,2
527,"I wanted a thin and light laptop with a huge screen, a flat keyboard and a large trackpad. I also needed it to boot up quickly, have a fast connection, a long-lasting battery, a good fingerprint reader and an accurate microphone.",3,3,1,1,2
1667,I am taking the recommendations from my friend to find a new computer from Amazon. I want it to contain beautiful graphics and multi purple backlit keys. It should be able to refresh games fast and provide a good trackpad.,3,1,1,1,2
2238,A nice fingerprint scanner should be included in my new computer.,2,3,1,3,3
2218,I am using the new laptop to take appointment with my clients and I need it to startup fast and have good processor and SSD. I also want it to be thin and light.,2,3,1,3,3
1338,"I need a computer that works good for working and gaming without a high price. I need to take it around so I hope the finish would be matte and slightly rubbery. I need a good screen for me to work. For gaming, I need it to run most of my games successfully. I want it to boot fast and run Windows applications quickly.",2,1,1,3,2
288,I want a computer with good system. ,1,0,2,1,2
39,I wish to have a laptop with clear screen. ,1,3,4,4,2
1169,"I want a light and quiet laptop with a great display, high-quality keyboard and trackpad and good connections. ",1,3,2,1,2
1951,I need a real fast computer.,3,3,0,3,2
2114,I am planning an upgrade for my wife and she needs it to be lightweight and fast. The screen should be brilliant. There shouldn't be much bloatware.,4,3,3,3,4
1351,"My old computer doesn't work anymore so I need a new computer with cool graphics, CPU, RAM and ports.",2,1,1,3,2
1765,"I need a computer that runs silently with a good battery life, also it should stay within my budget.",2,1,5,3,2
262,I am looking for a laptop that runs fast. ,1,0,2,1,2
671,"I need a ultraportable laptop that is slim, lightweight and good looking. It should have a comfortable backlit keyboard, a clear screen, a responsive trackpad, a capable processor and graphics. I also want it to have excellent WIFI speeds and be able to cool down quickly.",3,3,2,3,3
1764,I want my future computer to have plenty of storage with a high performance-cost ratio.,2,1,5,3,2
1068,I like fast laptops with sharp screen resolution and great speakers. ,3,2,1,3,2
1688,I need a quiet computer with high performance-cost ratio.,3,1,1,3,2
2271,I am buying a new computer for my relative and he needs a good CPU to play games well.,3,1,1,3,2
1611,"As a person who is into light gaming and video editing, I need a computer that goes perfect for both the aspect.",2,5,1,4,2
2033,My wife asks me to buy her an economical yet powerful computer.,4,3,1,4,2
2085,Speed is important to me when purchasing a new computer.,4,3,1,3,2
1975,I focus on the design and I want a good looking computer.,4,3,1,4,2
861,I need a fast laptop with a good keyboard. ,3,4,3,3,2
1515,I need some recommendations for an awesome gaming laptop.,2,1,1,3,1
585,I want a portable laptop. ,1,3,2,3,3
581,I want to buy a slim and lightweight laptop. ,3,3,2,1,2
8,I like to buy a laptop that has a long life and runs smoothly.,1,3,4,4,2
1428,I am planning to replace my old computer and I need the new one to run games fabulously. It should startup fast. Aesthetics seems important to me. The keyboard would be better to be lighted up. A good graphic card should come with a low cost.,2,1,1,3,2
712,I am looking for a fast laptop with a great screem. ,1,0,2,3,1
1723,I want the computer to perform well in games and be perfect for upgraders.,2,1,5,3,2
936,I need a small and lightweight laptop that is easy to set up. ,3,3,3,3,4
1007,I want to have a laptop with fast SSD. ,4,3,4,4,3
628,I want to buy a laptop with useful programs and a amazing OLED screen. ,1,0,1,1,3
683,"I would like to buy a lightweight and portable laptop that runs fast and responsive. It should have a nice housing, a responsive touchpad and enough ports. ",3,3,2,3,3
1819,"I want to have a new computer that is lightweight, solid and has good specs.",4,3,2,1,3
1816,A computer with high performance-cost ratio is what I need.,4,3,2,1,3
1072,I need a fast laptop. ,3,2,1,3,2
524,I want a laptop with nice performance. ,1,0,1,0,1
311,I want a smooth and responsive laptop with lovely graphics. ,1,0,2,1,2
353,"I need a fast laptop with a good cooling system, graphics and sound.",1,0,2,1,2
1444,I want a computer that is thinner than my previous computer.,2,1,1,3,2
1999,I want to save my money for a good computer.,3,3,1,3,3
1166,"I wish for a light, fast and responsive laptop. ",3,3,1,0,2
1809,"I am finding a budget computer that is portable and cool. The battery life should be decent. Moreover, the computer should boot up fast.",4,3,2,1,3
1790,"I am finding myself a new computer that has a sharp screen and a good Bluetooth connection. The power brick should be small though. I want the computer to be thin and light, and its better to to fully articulated by hinges.",2,3,3,3,4
1306,I am finding myself a new computer that has a fast refresh rate and good video card. There should not be a lot of bloatware. I want to have some great backlights on the keyboard. The fan should be quiet and easy to clean. I need a fast bootup with a high performance-cost ratio.,2,1,3,3,2
1075,I need a fast laptop that have perfect travel size and weight and a helpful touch screen. ,3,3,5,4,6
1715,A nice cooling stand would be good for my computer.,2,1,5,3,2
935,"I like a lightweight, portable, fast laptop with a beautiful screen and good keyboard layout. ",3,3,3,3,4
2253,I want to have a new laptop of office work and I need it to be lightweight and sleek with good build quality.,2,3,1,3,3
1129,"I need a thin and light laptop with speedy SSD, good keyboard and display. ",4,1,3,3,3
2263,I lost my old taplet so I am finding for a new one that show awesome graphics. I tend to watch movies on planes so it should come with a perfect size. I hope the keyboard to be sturdy and cover the tablet perfectly. I need the keys to be responsive. I sometimes do video calling with my children and it would be great if the microphone picks up sound well.,3,5,5,4,7
1045,I am searching for a lightweight and easy to use laptop with tablet mode. ,2,3,4,3,5
940,I want a light laptop with a silky keyboard. ,1,3,2,1,2
818,"I am searching for a solid, light, thin laptop that works great. ",4,3,2,1,3
7,"I like a fast and robust computer. It should be expandable, with large memory and multiple ports.",1,3,4,4,2
858,I will buy a perfect size laptop that runs great. ,3,4,3,3,2
